Them Bones,Alice In Chains,Dirt,Alternative,1,1,1992
Rain When I Die,Alice In Chains,Dirt,Alternative,1,3,1992
Sickman,Alice In Chains,Dirt,Alternative,1,5,1992
Junkhead,Alice In Chains,Dirt,Alternative,1,7,1992
God Smack,Alice In Chains,Dirt,Alternative,1,9,1992
Hate To Feel,Alice In Chains,Dirt,Alternative,1,11,1992
Would?,Alice In Chains,Dirt,Alternative,1,13,1992
Brother,Alice In Chains,Unplugged,Alternative Rock,1,2,1996
Sludge Factory,Alice In Chains,Unplugged,Alternative Rock,1,4,1996
Angry Chair,Alice In Chains,Unplugged,Alternative Rock,1,6,1996
Got Me Wrong (Unplugged),Alice In Chains,Unplugged,Alternative Rock,1,8,1996
Would?,Alice In Chains,Unplugged,Alternative Rock,1,10,1996
Over Now,Alice In Chains,Unplugged,Alternative Rock,1,12,1996
Intro,Alt-J,An Awesome Wave,Alternative,1,1,2012
Tessellate,Alt-J,An Awesome Wave,Alternative,1,3,2012
Interlude 2,Alt-J,An Awesome Wave,Alternative,1,5,2012
Dissolve Me,Alt-J,An Awesome Wave,Alternative,1,7,2012
Ms,Alt-J,An Awesome Wave,Alternative,1,9,2012
Interlude 3,Alt-J,An Awesome Wave,Alternative,1,11,2012
Taro,Alt-J,An Awesome Wave,Alternative,1,13,2012
Yo George,Tori Amos,American Doll Posse,Alternative,1,1,2007
Bouncing Off Clouds,Tori Amos,American Doll Posse,Alternative,1,3,2007
Digital Ghost,Tori Amos,American Doll Posse,Alternative,1,5,2007
Mr. Bad Man,Tori Amos,American Doll Posse,Alternative,1,7,2007
Girl Disappearing,Tori Amos,American Doll Posse,Alternative,1,9,2007
Devils And Gods,Tori Amos,American Doll Posse,Alternative,1,11,2007
Father's Son,Tori Amos,American Doll Posse,Alternative,1,13,2007
Code Red,Tori Amos,American Doll Posse,Alternative,1,15,2007
Beauty Of Speed,Tori Amos,American Doll Posse,Alternative,1,17,2007
Velvet Revolution,Tori Amos,American Doll Posse,Alternative,1,19,2007
Posse Bonus,Tori Amos,American Doll Posse,Alternative,1,21,2007
Dragon,Tori Amos,American Doll Posse,Alternative,1,23,2007
Sweet The Sting,Tori Amos,The Beekeeper,Alternative,1,2,2005
Jamaica Inn,Tori Amos,The Beekeeper,Alternative,1,4,2005
Sleeps With Butterflies,Tori Amos,The Beekeeper,Alternative,1,6,2005
Mother Revolution,Tori Amos,The Beekeeper,Alternative,1,8,2005
Cars And Guitars,Tori Amos,The Beekeeper,Alternative,1,10,2005
Original Sinsuality,Tori Amos,The Beekeeper,Alternative,1,12,2005
The Beekeeper,Tori Amos,The Beekeeper,Alternative,1,14,2005
Hoochie Woman,Tori Amos,The Beekeeper,Alternative,1,16,2005
Marys Of The Sea,Tori Amos,The Beekeeper,Alternative,1,18,2005
Horses,Tori Amos,Boys For Pele,Alternative,0,1,1996
Father Lucifer,Tori Amos,Boys For Pele,Alternative,0,3,1996
Mr Zebra,Tori Amos,Boys For Pele,Alternative,0,5,1996
Caught A Lite Sneeze,Tori Amos,Boys For Pele,Alternative,0,7,1996
Hey Jupiter,Tori Amos,Boys For Pele,Alternative,0,9,1996
Little Amsterdam,Tori Amos,Boys For Pele,Alternative,0,11,1996
Not The Red Baron,Tori Amos,Boys For Pele,Alternative,0,13,1996
Doughnut Song,Tori Amos,Boys For Pele,Alternative,0,15,1996
Putting The Damage On,Tori Amos,Boys For Pele,Alternative,0,17,1996
Spark,Tori Amos,From The Choirgirl Hotel,Alternative,1,1,1998
Black-Dove (January),Tori Amos,From The Choirgirl Hotel,Alternative,1,3,1998
Jackie's Strength,Tori Amos,From The Choirgirl Hotel,Alternative,1,5,1998
Liquid Diamonds,Tori Amos,From The Choirgirl Hotel,Alternative,1,7,1998
Northern Lad,Tori Amos,From The Choirgirl Hotel,Alternative,1,9,1998
Playboy Mommy,Tori Amos,From The Choirgirl Hotel,Alternative,1,11,1998
Crucify,Tori Amos,Little Earthquakes,Alternative,1,1,1991
Silent All These Years,Tori Amos,Little Earthquakes,Alternative,1,3,1991
Winter,Tori Amos,Little Earthquakes,Alternative,1,5,1991
China,Tori Amos,Little Earthquakes,Alternative,1,7,1991
Mother,Tori Amos,Little Earthquakes,Alternative,1,9,1991
Me And A Gun,Tori Amos,Little Earthquakes,Alternative,1,11,1991
Silent All These Years (1991),Tori Amos,Live at Montreux 91/92,Alternative,1,1,2008
China (1991),Tori Amos,Live at Montreux 91/92,Alternative,1,3,2008
Leather (1991),Tori Amos,Live at Montreux 91/92,Alternative,1,5,2008
Upside Down (1991),Tori Amos,Live at Montreux 91/92,Alternative,1,7,2008
Winter (1991),Tori Amos,Live at Montreux 91/92,Alternative,1,9,2008
Little Earthquakes (1992),Tori Amos,Live at Montreux 91/92,Alternative,1,11,2008
Whole Lotta Love / Thank You,Tori Amos,Live at Montreux 91/92,Alternative,1,13,2008
Winter (1992),Tori Amos,Live at Montreux 91/92,Alternative,1,15,2008
Amber Waves,Tori Amos,Scarlet's Walk,Alternative,0,1,2002
Wednesday,Tori Amos,Scarlet's Walk,Alternative,0,3,2002
Carbon,Tori Amos,Scarlet's Walk,Alternative,0,5,2002
Wampum Prayer,Tori Amos,Scarlet's Walk,Alternative,0,7,2002
Sweet Sangria,Tori Amos,Scarlet's Walk,Alternative,0,9,2002
Pancake,Tori Amos,Scarlet's Walk,Alternative,0,11,2002
Mrs. Jesus,Tori Amos,Scarlet's Walk,Alternative,0,13,2002
Another Girl's Paradise,Tori Amos,Scarlet's Walk,Alternative,0,15,2002
Virginia,Tori Amos,Scarlet's Walk,Alternative,0,17,2002
New Age,Tori Amos,Strange Little Girls,Alternative,1,1,2001
Strange Little Girl,Tori Amos,Strange Little Girls,Alternative,1,3,2001
I'm Not In Love,Tori Amos,Strange Little Girls,Alternative,1,5,2001
Time,Tori Amos,Strange Little Girls,Alternative,1,7,2001
I Don't Like Mondays,Tori Amos,Strange Little Girls,Alternative,1,9,2001
Raining Blood,Tori Amos,Strange Little Girls,Alternative,1,11,2001
Bliss,Tori Amos,To Venus And Back,Alternative,1,1,1999
Concertina,Tori Amos,To Venus And Back,Alternative,1,3,1999
Lust,Tori Amos,To Venus And Back,Alternative,1,5,1999
Josephine,Tori Amos,To Venus And Back,Alternative,1,7,1999
Datura,Tori Amos,To Venus And Back,Alternative,1,9,1999
1000 Oceans,Tori Amos,To Venus And Back,Alternative,1,11,1999
Cruel,Tori Amos,To Venus And Back,Alternative,2,2,1999
Bells For Her,Tori Amos,To Venus And Back,Alternative,2,4,1999
Cooling,Tori Amos,To Venus And Back,Alternative,2,6,1999
Cloud On My Tongue,Tori Amos,To Venus And Back,Alternative,2,8,1999
Little Earthquakes,Tori Amos,To Venus And Back,Alternative,2,10,1999
Waitress,Tori Amos,To Venus And Back,Alternative,2,12,1999
Pretty Good Year,Tori Amos,Under the Pink,Alternative,1,1,1994
Bells for Her,Tori Amos,Under the Pink,Alternative,1,3,1994
Baker Baker,Tori Amos,Under the Pink,Alternative,1,5,1994
The Waitress,Tori Amos,Under the Pink,Alternative,1,7,1994
Icicle,Tori Amos,Under the Pink,Alternative,1,9,1994
Space Dog,Tori Amos,Under the Pink,Alternative,1,11,1994
Palisades,The Angels Of Light,Everything Is Good Here/Please Come Home,Unclassifiable,0,1,2003
Kosinski,The Angels Of Light,Everything Is Good Here/Please Come Home,Unclassifiable,0,3,2003
The Family God,The Angels Of Light,Everything Is Good Here/Please Come Home,Unclassifiable,0,5,2003
Rose Of Los Angeles,The Angels Of Light,Everything Is Good Here/Please Come Home,Unclassifiable,0,7,2003
Sunset Park,The Angels Of Light,Everything Is Good Here/Please Come Home,Unclassifiable,0,9,2003
What Will Come,The Angels Of Light,Everything Is Good Here/Please Come Home,Unclassifiable,0,11,2003
Untitled Love Song,The Angels Of Light,How I Loved You,Unclassifiable,0,2,2001
Jennifer's Sorry,The Angels Of Light,How I Loved You,Unclassifiable,0,4,2001
New York City In The Future,The Angels Of Light,How I Loved You,Unclassifiable,0,6,2001
New York Girls,The Angels Of Light,How I Loved You,Unclassifiable,0,8,2001
Two Women,The Angels Of Light,How I Loved You,Unclassifiable,0,10,2001
Praise Your Name,The Angels Of Light,New Mother,Unclassifiable,0,2,1999
Angels Of Light,The Angels Of Light,New Mother,Unclassifiable,0,4,1999
This Is Mine,The Angels Of Light,New Mother,Unclassifiable,0,6,1999
Intermission,The Angels Of Light,New Mother,Unclassifiable,0,8,1999
Real Person,The Angels Of Light,New Mother,Unclassifiable,0,10,1999
How We End,The Angels Of Light,New Mother,Unclassifiable,0,12,1999
Not Alone,The Angels Of Light,New Mother,Unclassifiable,0,14,1999
His Entropic Highness,The Angels Of Light,New Mother,Unclassifiable,0,16,1999
Black River Song,The Angels Of Light,We Are Him,Rock,1,1,2007
The Man We Left Behind,The Angels Of Light,We Are Him,Rock,1,3,2007
Not Here/Not Now,The Angels Of Light,We Are Him,Rock,1,5,2007
We Are Him,The Angels Of Light,We Are Him,Rock,1,7,2007
Sunflower's Here To Stay,The Angels Of Light,We Are Him,Rock,1,9,2007
The Visitor,The Angels Of Light,We Are Him,Rock,1,11,2007
Evangeline,The Angels Of Light,We Were Alive!!!,Unclassifiable,0,1,2002
Nations,The Angels Of Light,We Were Alive!!!,Unclassifiable,0,3,2002
All Soul's Rising,The Angels Of Light,We Were Alive!!!,Unclassifiable,0,5,2002
What You Were,The Angels Of Light,We Were Alive!!!,Unclassifiable,0,7,2002
God Damn The Sun,The Angels Of Light,We Were Alive!!!,Unclassifiable,0,9,2002
Path Vol. 2 (Feat. Sandra Nasic),Apocalyptica,Cult,Unclassifiable,0,1,2001
Romance,Apocalyptica,Cult,Unclassifiable,0,3,2001
In Memorian,Apocalyptica,Cult,Unclassifiable,0,5,2001
Beyond Time,Apocalyptica,Cult,Unclassifiable,0,7,2001
Kaamos,Apocalyptica,Cult,Unclassifiable,0,9,2001
Hall Of The Mountain King,Apocalyptica,Cult,Unclassifiable,0,11,2001
Fight Fire With Fire,Apocalyptica,Cult,Unclassifiable,0,13,2001
Harmageddon,Apocalyptica,Inquisition Symphony,Unclassifiable,0,1,1998
For Whom The Bell Tolls,Apocalyptica,Inquisition Symphony,Unclassifiable,0,3,1998
Refuse Resist,Apocalyptica,Inquisition Symphony,Unclassifiable,0,5,1998
Inquisition Symphony,Apocalyptica,Inquisition Symphony,Unclassifiable,0,7,1998
Domination,Apocalyptica,Inquisition Symphony,Unclassifiable,0,9,1998
One,Apocalyptica,Inquisition Symphony,Unclassifiable,0,11,1998
Something,The Beatles,Abbey Road,Pop,1,2,1969
Oh! Darling,The Beatles,Abbey Road,Pop,1,4,1969
I Want You (She's So Heavy),The Beatles,Abbey Road,Pop,1,6,1969
Because,The Beatles,Abbey Road,Pop,1,8,1969
Sun King,The Beatles,Abbey Road,Pop,1,10,1969
Polythene Pam,The Beatles,Abbey Road,Pop,1,12,1969
Golden Slumbers,The Beatles,Abbey Road,Pop,1,14,1969
The End,The Beatles,Abbey Road,Pop,1,16,1969
Back In The U.S.S.R.,The Beatles,The Beatles,Pop,1,1,1968
Glass Onion,The Beatles,The Beatles,Pop,1,3,1968
Wild Honey Pie,The Beatles,The Beatles,Pop,1,5,1968
While My Guitar Gently Weeps,The Beatles,The Beatles,Pop,1,7,1968
Martha My Dear,The Beatles,The Beatles,Pop,1,9,1968
Blackbird,The Beatles,The Beatles,Pop,1,11,1968
Rocky Racoon,The Beatles,The Beatles,Pop,1,13,1968
Why Don't We Do It In The Road?,The Beatles,The Beatles,Pop,1,15,1968
Julia,The Beatles,The Beatles,Pop,1,17,1968
Yer Blues,The Beatles,The Beatles,Pop,2,2,1968
Everybody's Got Something To Hide Except Me And My Monkey,The Beatles,The Beatles,Pop,2,4,1968
Helter Skelter,The Beatles,The Beatles,Pop,2,6,1968
Revolution 1,The Beatles,The Beatles,Pop,2,8,1968
Savoy Truffle,The Beatles,The Beatles,Pop,2,10,1968
Revolution 9,The Beatles,The Beatles,Pop,2,12,1968
No Reply,The Beatles,Beatles For Sale,Rock,1,1,1964
Baby's In Black,The Beatles,Beatles For Sale,Rock,1,3,1964
I'll Follow The Sun,The Beatles,Beatles For Sale,Rock,1,5,1964
Kansas City/Hey-Hey-Hey-Hey!,The Beatles,Beatles For Sale,Rock,1,7,1964
Words Of Love,The Beatles,Beatles For Sale,Rock,1,9,1964
Every Little Thing,The Beatles,Beatles For Sale,Rock,1,11,1964
What You're Doing,The Beatles,Beatles For Sale,Rock,1,13,1964
A Hard Day's Night,The Beatles,A Hard Day's Night,Rock,1,1,1964
If I Fell,The Beatles,A Hard Day's Night,Rock,1,3,1964
And I Love Her,The Beatles,A Hard Day's Night,Rock,1,5,1964
Can't Buy Me Love,The Beatles,A Hard Day's Night,Rock,1,7,1964
I'll Cry Instead,The Beatles,A Hard Day's Night,Rock,1,9,1964
When I Get Home,The Beatles,A Hard Day's Night,Rock,1,11,1964
I'll Be Back,The Beatles,A Hard Day's Night,Rock,1,13,1964
The Night Before,The Beatles,Help! [2009 Stereo Remaster],Rock,1,2,1965
I Need You,The Beatles,Help! [2009 Stereo Remaster],Rock,1,4,1965
You're Going To Lose That Girl,The Beatles,Help! [2009 Stereo Remaster],Rock,1,6,1965
Act Naturally,The Beatles,Help! [2009 Stereo Remaster],Rock,1,8,1965
You Like Me Too Much,The Beatles,Help! [2009 Stereo Remaster],Rock,1,10,1965
I've Just Seen A Face,The Beatles,Help! [2009 Stereo Remaster],Rock,1,12,1965
Dizzy Miss Lizzy,The Beatles,Help! [2009 Stereo Remaster],Rock,1,14,1965
Dig A Pony,The Beatles,Let It Be,Rock,1,2,1970
I Me Mine,The Beatles,Let It Be,Rock,1,4,1970
Let It Be,The Beatles,Let It Be,Rock,1,6,1970
I've Got A Feeling,The Beatles,Let It Be,Rock,1,8,1970
The Long And Winding Road,The Beatles,Let It Be,Rock,1,10,1970
Get Back,The Beatles,Let It Be,Rock,1,12,1970
Get Back,The Beatles,Love,Rock,1,2,2006
Eleanor Rigby/Julia [Transition],The Beatles,Love,Rock,1,4,2006
I Want To Hold Your Hand,The Beatles,Love,Rock,1,6,2006
Gnik Nus,The Beatles,Love,Rock,1,8,2006
Being For The Benefit Of Mr. Kite!/I Want You (She's So Heavy)/Helter Skelter,The Beatles,Love,Rock,1,10,2006
Blackbird/Yesterday,The Beatles,Love,Rock,1,12,2006
Within You Without You/Tomorrow Never Knows,The Beatles,Love,Rock,1,14,2006
Octopus's Garden/Sun King [Transition],The Beatles,Love,Rock,1,16,2006
Here Comes The Sun/The Inner Light [Transition],The Beatles,Love,Rock,1,18,2006
Revolution,The Beatles,Love,Rock,1,20,2006
While My Guitar Gently Weeps,The Beatles,Love,Rock,1,22,2006
Hey Jude,The Beatles,Love,Rock,1,24,2006
All You Need Is Love,The Beatles,Love,Rock,1,26,2006
The Fool On The Hill,The Beatles,Magical Mystery Tour,Pop,1,2,1967
Blue Jay Way,The Beatles,Magical Mystery Tour,Pop,1,4,1967
I Am The Walrus,The Beatles,Magical Mystery Tour,Pop,1,6,1967
Strawberry Fields Forever,The Beatles,Magical Mystery Tour,Pop,1,8,1967
Baby You're A Rich Man,The Beatles,Magical Mystery Tour,Pop,1,10,1967
Love Me Do (Original Single Version),The Beatles,Past Masters Vol. 1 [2009 Stereo Remaster],Rock,1,1,1962
Thank You Girl,The Beatles,Past Masters Vol. 1 [2009 Stereo Remaster],Rock,1,3,1963
I'll Get You,The Beatles,Past Masters Vol. 1 [2009 Stereo Remaster],Rock,1,5,1963
This Boy,The Beatles,Past Masters Vol. 1 [2009 Stereo Remaster],Rock,1,7,1963
Sie Liebt Dich,The Beatles,Past Masters Vol. 1 [2009 Stereo Remaster],Rock,1,9,1964
I Call Your Name,The Beatles,Past Masters Vol. 1 [2009 Stereo Remaster],Rock,1,11,1964
Matchbox,The Beatles,Past Masters Vol. 1 [2009 Stereo Remaster],Rock,1,13,1964
She's A Woman,The Beatles,Past Masters Vol. 1 [2009 Stereo Remaster],Rock,1,15,1964
Yes It Is,The Beatles,Past Masters Vol. 1 [2009 Stereo Remaster],Rock,1,17,1965
Day Tripper,The Beatles,Past Masters Vol. 2 [2009 Stereo Remaster],Rock,2,1,1965
Paperback Writer,The Beatles,Past Masters Vol. 2 [2009 Stereo Remaster],Rock,2,3,1966
Lady Madonna,The Beatles,Past Masters Vol. 2 [2009 Stereo Remaster],Rock,2,5,1968
Hey Jude,The Beatles,Past Masters Vol. 2 [2009 Stereo Remaster],Rock,2,7,1968
Get Back,The Beatles,Past Masters Vol. 2 [2009 Stereo Remaster],Rock,2,9,1969
The Ballad Of John And Yoko,The Beatles,Past Masters Vol. 2 [2009 Stereo Remaster],Rock,2,11,1969
Across The Universe,The Beatles,Past Masters Vol. 2 [2009 Stereo Remaster],Rock,2,13,1969
You Know My Name (Look Up The Number) [Mono],The Beatles,Past Masters Vol. 2 [2009 Stereo Remaster],Rock,2,15,1969
Misery,The Beatles,Please Please Me,Rock,1,2,1963
Chains,The Beatles,Please Please Me,Rock,1,4,1963
Ask Me Why,The Beatles,Please Please Me,Rock,1,6,1963
Love Me Do,The Beatles,Please Please Me,Rock,1,8,1963
Baby It's You,The Beatles,Please Please Me,Rock,1,10,1963
A Taste Of Honey,The Beatles,Please Please Me,Rock,1,12,1963
Twist And Shout,The Beatles,Please Please Me,Rock,1,14,1963
Eleanor Rigby,The Beatles,Revolver,Pop,1,2,1966
Love You To,The Beatles,Revolver,Pop,1,4,1966
Yellow Submarine,The Beatles,Revolver,Pop,1,6,1966
Good Day Sunshine,The Beatles,Revolver,Pop,1,8,1966
For No One,The Beatles,Revolver,Pop,1,10,1966
I Want To Tell You,The Beatles,Revolver,Pop,1,12,1966
Tomorrow Never Knows,The Beatles,Revolver,Pop,1,14,1966
Norwegian Wood (This Bird Has Flown),The Beatles,Rubber Soul,Rock,1,2,1965
Nowhere Man,The Beatles,Rubber Soul,Rock,1,4,1965
The Word,The Beatles,Rubber Soul,Rock,1,6,1965
What Goes On,The Beatles,Rubber Soul,Rock,1,8,1965
I'm Looking Through You,The Beatles,Rubber Soul,Rock,1,10,1965
Wait,The Beatles,Rubber Soul,Rock,1,12,1965
Run For Your Life,The Beatles,Rubber Soul,Rock,1,14,1965
With A Little Help From My Friends,The Beatles,Sgt. Pepper's Lonely Hearts Club Band,Rock,1,2,1967
Getting Better,The Beatles,Sgt. Pepper's Lonely Hearts Club Band,Rock,1,4,1967
She's Leaving Home,The Beatles,Sgt. Pepper's Lonely Hearts Club Band,Rock,1,6,1967
Within You Without You,The Beatles,Sgt. Pepper's Lonely Hearts Club Band,Rock,1,8,1967
Lovely Rita,The Beatles,Sgt. Pepper's Lonely Hearts Club Band,Rock,1,10,1967
Sgt. Pepper's Lonely Hearts Club Band (Reprise),The Beatles,Sgt. Pepper's Lonely Hearts Club Band,Rock,1,12,1967
It Won't Be Long,The Beatles,With The Beatles,Rock,1,1,1963
All My Loving,The Beatles,With The Beatles,Rock,1,3,1963
Little Child,The Beatles,With The Beatles,Rock,1,5,1963
Please Mister Postman,The Beatles,With The Beatles,Rock,1,7,1963
Hold Me Tight,The Beatles,With The Beatles,Rock,1,9,1963
I Wanna Be Your Man,The Beatles,With The Beatles,Rock,1,11,1963
Not A Second Time,The Beatles,With The Beatles,Rock,1,13,1963
Comin to get you,Beautiful People,If 60`s Were 90`s,Electronica/Dance,0,1,1996
If 60`s was 90`s,Beautiful People,If 60`s Were 90`s,Electronica/Dance,0,3,1996
Rilly Groovy,Beautiful People,If 60`s Were 90`s,Electronica/Dance,0,5,1996
Sock it to me,Beautiful People,If 60`s Were 90`s,Electronica/Dance,0,7,1996
The Sea,Beautiful People,If 60`s Were 90`s,Electronica/Dance,0,9,1996
She's Hit,The Birthday Party,Junkyard,Alternative,0,2,1982
The Dim Locator,The Birthday Party,Junkyard,Alternative,0,4,1982
Several Sins,The Birthday Party,Junkyard,Alternative,0,6,1982
Kiss Me Black,The Birthday Party,Junkyard,Alternative,0,8,1982
Kewpie Doll,The Birthday Party,Junkyard,Alternative,0,10,1982
Dead Joe (2nd version),The Birthday Party,Junkyard,Alternative,0,12,1982
Sonny's Burning,The Birthday Party,Mutiny/The Bad Seed,Alternative,1,1,1989
Fears of Gun,The Birthday Party,Mutiny/The Bad Seed,Alternative,1,3,1989
Jennifer's Veil,The Birthday Party,Mutiny/The Bad Seed,Alternative,1,5,1989
Say a Spell,The Birthday Party,Mutiny/The Bad Seed,Alternative,1,7,1989
Pleasure Avalanche,The Birthday Party,Mutiny/The Bad Seed,Alternative,1,9,1989
The Seus,Black Francis,Svn Fngrs,Rock,1,1,2008
Half Man,Black Francis,Svn Fngrs,Rock,1,3,2008
Seven Fingers,Black Francis,Svn Fngrs,Rock,1,5,2008
When They Come to Murder Me,Black Francis,Svn Fngrs,Rock,1,7,2008
I Got Mine,The Black Keys,Attack & Release,Rock,1,2,2008
Psychotic Girl,The Black Keys,Attack & Release,Rock,1,4,2008
Remember When (Side A),The Black Keys,Attack & Release,Rock,1,6,2008
Same Old Thing,The Black Keys,Attack & Release,Rock,1,8,2008
Oceans & Streams,The Black Keys,Attack & Release,Rock,1,10,2008
Everlasting Light,The Black Keys,Brothers (Amazon MP3 Exclusive Version) [+digital booklet],Alternative Rock,1,1,2010
Tighten Up,The Black Keys,Brothers (Amazon MP3 Exclusive Version) [+digital booklet],Alternative Rock,1,3,2010
She's Long Gone,The Black Keys,Brothers (Amazon MP3 Exclusive Version) [+digital booklet],Alternative Rock,1,5,2010
The Only One,The Black Keys,Brothers (Amazon MP3 Exclusive Version) [+digital booklet],Alternative Rock,1,7,2010
Ten Cent Pistol,The Black Keys,Brothers (Amazon MP3 Exclusive Version) [+digital booklet],Alternative Rock,1,9,2010
The Go Getter,The Black Keys,Brothers (Amazon MP3 Exclusive Version) [+digital booklet],Alternative Rock,1,11,2010
Unknown Brother,The Black Keys,Brothers (Amazon MP3 Exclusive Version) [+digital booklet],Alternative Rock,1,13,2010
These Days,The Black Keys,Brothers (Amazon MP3 Exclusive Version) [+digital booklet],Alternative Rock,1,15,2010
Lonely Boy,The Black Keys,El Camino,Alternative Rock,1,1,2011
Gold On The Ceiling,The Black Keys,El Camino,Alternative Rock,1,3,2011
Money Maker,The Black Keys,El Camino,Alternative Rock,1,5,2011
Sister,The Black Keys,El Camino,Alternative Rock,1,7,2011
Stop Stop,The Black Keys,El Camino,Alternative Rock,1,9,2011
Mind Eraser,The Black Keys,El Camino,Alternative Rock,1,11,2011
Another Day,Bourbon Princess,Black Feather Wings,Low Rock,1,2,2003
The Spider Sings,Bourbon Princess,Black Feather Wings,Low Rock,1,4,2003
Sunset,Bourbon Princess,Black Feather Wings,Low Rock,1,6,2003
Black Feather Wings,Bourbon Princess,Black Feather Wings,Low Rock,1,8,2003
Sleep Deep,Bourbon Princess,Black Feather Wings,Low Rock,1,10,2003
Late Train,Bourbon Princess,Black Feather Wings,Low Rock,1,12,2003
The Waiting Noon,Bourbon Princess,Dark Of Days,Low Rock,1,2,2005
The Hat,Bourbon Princess,Dark Of Days,Low Rock,1,4,2005
Clich,Bourbon Princess,Dark Of Days,Low Rock,1,6,2005
In Between Songs,Bourbon Princess,Dark Of Days,Low Rock,1,8,2005
Minor Key,Bourbon Princess,Dark Of Days,Low Rock,1,10,2005
Strong Coil,Bourbon Princess,Stopline,Low Rock,1,1,2000
Jim,Bourbon Princess,Stopline,Low Rock,1,3,2000
Stopline,Bourbon Princess,Stopline,Low Rock,1,5,2000
The Inside,Bourbon Princess,Stopline,Low Rock,1,7,2000
Off The Air (demo 1),Bourbon Princess,Stopline,Low Rock,1,9,2000
Watch That Man (1999 Digital Remaster),David Bowie,Aladdin Sane,Rock,1,1,2006
Drive In Saturday (1999 Digital Remaster),David Bowie,Aladdin Sane,Rock,1,3,2006
Cracked Actor (1999 Digital Remaster),David Bowie,Aladdin Sane,Rock,1,5,2006
The Prettiest Star (1999 Digital Remaster),David Bowie,Aladdin Sane,Rock,1,7,2006
The Jean Genie (1999 Digital Remaster),David Bowie,Aladdin Sane,Rock,1,9,2006
A New Career In A New Town,David Bowie,All Saints (Collected Instrumentals 1977-1999),Rock,1,1,1999
Abdulmajid,David Bowie,All Saints (Collected Instrumentals 1977-1999),Rock,1,3,1999
All Saints,David Bowie,All Saints (Collected Instrumentals 1977-1999),Rock,1,5,1999
Crystal Japan,David Bowie,All Saints (Collected Instrumentals 1977-1999),Rock,1,7,1999
Sense Of Doubt,David Bowie,All Saints (Collected Instrumentals 1977-1999),Rock,1,9,1999
Neukoln,David Bowie,All Saints (Collected Instrumentals 1977-1999),Rock,1,11,1999
Ian Fish UK Heir,David Bowie,All Saints (Collected Instrumentals 1977-1999),Rock,1,13,1999
Warszawa,David Bowie,All Saints (Collected Instrumentals 1977-1999),Rock,1,15,1999
Wild Is The Wind,David Bowie,Bowie At Beeb: BBC Radio Theatre 2000,Rock,1,1,2000
Seven,David Bowie,Bowie At Beeb: BBC Radio Theatre 2000,Rock,1,3,2000
Absolute Beginners,David Bowie,Bowie At Beeb: BBC Radio Theatre 2000,Rock,1,5,2000
Survive,David Bowie,Bowie At Beeb: BBC Radio Theatre 2000,Rock,1,7,2000
The Man Who Sold The World,David Bowie,Bowie At Beeb: BBC Radio Theatre 2000,Rock,1,9,2000
Stay,David Bowie,Bowie At Beeb: BBC Radio Theatre 2000,Rock,1,11,2000
Cracked Actor,David Bowie,Bowie At Beeb: BBC Radio Theatre 2000,Rock,1,13,2000
Let's Dance,David Bowie,Bowie At Beeb: BBC Radio Theatre 2000,Rock,1,15,2000
London Bye Ta Ta,David Bowie,Bowie At The Beeb: Best of the BBC Radio Sessions 68-72,Rock,1,2,2000
Silly Boy Blue,David Bowie,Bowie At The Beeb: Best of the BBC Radio Sessions 68-72,Rock,1,4,2000
Janine,David Bowie,Bowie At The Beeb: Best of the BBC Radio Sessions 68-72,Rock,1,6,2000
God Knows I'm Good,David Bowie,Bowie At The Beeb: Best of the BBC Radio Sessions 68-72,Rock,1,8,2000
Unwashed And Somewhat Slightly Dazed,David Bowie,Bowie At The Beeb: Best of the BBC Radio Sessions 68-72,Rock,1,10,2000
Memory Of A Free Festival,David Bowie,Bowie At The Beeb: Best of the BBC Radio Sessions 68-72,Rock,1,12,2000
Bombers,David Bowie,Bowie At The Beeb: Best of the BBC Radio Sessions 68-72,Rock,1,14,2000
Almost Grown,David Bowie,Bowie At The Beeb: Best of the BBC Radio Sessions 68-72,Rock,1,16,2000
It Ain't Easy,David Bowie,Bowie At The Beeb: Best of the BBC Radio Sessions 68-72,Rock,1,18,2000
Eight Line Poem,David Bowie,Bowie At The Beeb: Best of the BBC Radio Sessions 68-72,Rock,2,2,2000
Ziggy Stardust,David Bowie,Bowie At The Beeb: Best of the BBC Radio Sessions 68-72,Rock,2,4,2000
Waiting For The Man,David Bowie,Bowie At The Beeb: Best of the BBC Radio Sessions 68-72,Rock,2,6,2000
White Light/White Heat,David Bowie,Bowie At The Beeb: Best of the BBC Radio Sessions 68-72,Rock,2,8,2000
Hang On To Yourself,David Bowie,Bowie At The Beeb: Best of the BBC Radio Sessions 68-72,Rock,2,10,2000
Ziggy Stardust,David Bowie,Bowie At The Beeb: Best of the BBC Radio Sessions 68-72,Rock,2,12,2000
Space Oddity,David Bowie,Bowie At The Beeb: Best of the BBC Radio Sessions 68-72,Rock,2,14,2000
Oh! You Pretty Things,David Bowie,Bowie At The Beeb: Best of the BBC Radio Sessions 68-72,Rock,2,16,2000
Lady Stardust,David Bowie,Bowie At The Beeb: Best of the BBC Radio Sessions 68-72,Rock,2,18,2000
Buddha Of Suburbia,David Bowie,The Buddha Of Suburbia,Rock,0,1,1993
South Horizon,David Bowie,The Buddha Of Suburbia,Rock,0,3,1993
Bleed Like A Craze  Dad,David Bowie,The Buddha Of Suburbia,Rock,0,5,1993
Dead Against It,David Bowie,The Buddha Of Suburbia,Rock,0,7,1993
Ian Fish U.K. Heir,David Bowie,The Buddha Of Suburbia,Rock,0,9,1993
Rubber Band,David Bowie,The Deram Anthology 1966 - 1968,Rock,1,1,1997
The Laughing Gnome,David Bowie,The Deram Anthology 1966 - 1968,Rock,1,3,1997
Uncle Arthur,David Bowie,The Deram Anthology 1966 - 1968,Rock,1,5,1997
Rubber Band,David Bowie,The Deram Anthology 1966 - 1968,Rock,1,7,1997
There Is A Happy Land,David Bowie,The Deram Anthology 1966 - 1968,Rock,1,9,1997
When I Live My Dream,David Bowie,The Deram Anthology 1966 - 1968,Rock,1,11,1997
Silly Boy Blue,David Bowie,The Deram Anthology 1966 - 1968,Rock,1,13,1997
Join The Gang,David Bowie,The Deram Anthology 1966 - 1968,Rock,1,15,1997
Maid Of Bond Street,David Bowie,The Deram Anthology 1966 - 1968,Rock,1,17,1997
Love You Till Tuesday,David Bowie,The Deram Anthology 1966 - 1968,Rock,1,19,1997
Karma Man,David Bowie,The Deram Anthology 1966 - 1968,Rock,1,21,1997
In The Heat Of The Morning,David Bowie,The Deram Anthology 1966 - 1968,Rock,1,23,1997
Sell Me A Coat,David Bowie,The Deram Anthology 1966 - 1968,Rock,1,25,1997
Space Oddity,David Bowie,The Deram Anthology 1966 - 1968,Rock,1,27,1997
Diamond Dogs,David Bowie,Diamond Dogs,Rock,1,2,1974
Candidate,David Bowie,Diamond Dogs,Rock,1,4,1974
Rebel Rebel,David Bowie,Diamond Dogs,Rock,1,6,1974
We Are The Dead,David Bowie,Diamond Dogs,Rock,1,8,1974
Big Brother,David Bowie,Diamond Dogs,Rock,1,10,1974
Little Wonder,David Bowie,Earthling,Rock,1,1,1997
Battle For Britain (The Letter),David Bowie,Earthling,Rock,1,3,1997
Dead Man Walking,David Bowie,Earthling,Rock,1,5,1997
The Last Thing You Should Do,David Bowie,Earthling,Rock,1,7,1997
Law (Earthlings On Fire),David Bowie,Earthling,Rock,1,9,1997
Cactus,David Bowie,Heathen,Rock,1,2,2002
Slow Burn,David Bowie,Heathen,Rock,1,4,2002
I've Been Waiting For You,David Bowie,Heathen,Rock,1,6,2002
I Took A Trip On A Gemini Spaceship,David Bowie,Heathen,Rock,1,8,2002
Everyone Says 'Hi',David Bowie,Heathen,Rock,1,10,2002
Heathen (The Rays),David Bowie,Heathen,Rock,1,12,2002
A Better Future [Remix By Air],David Bowie,Heathen [Bonus Disc],Rock,2,2,2002
Panic In Detroit [Outtake],David Bowie,Heathen [Bonus Disc],Rock,2,4,2002
Joe The Lion (1999 Digital Remaster),David Bowie,Heroes,Rock,1,2,2006
Sons Of The Silent Age (1999 Digital Remaster),David Bowie,Heroes,Rock,1,4,2006
V-2 Schneider (1999 Digital Remaster),David Bowie,Heroes,Rock,1,6,2006
Moss Garden (1999 Digital Remaster),David Bowie,Heroes,Rock,1,8,2006
The Secret Life Of Arabia (1999 Digital Remaster),David Bowie,Heroes,Rock,1,10,2006
Something In The Air,David Bowie,Hours,Rock,1,2,1999
If I'm Dreaming My Life,David Bowie,Hours,Rock,1,4,1999
What's Really Happening?,David Bowie,Hours,Rock,1,6,1999
New Angels Of Promise,David Bowie,Hours,Rock,1,8,1999
The Dreamers,David Bowie,Hours,Rock,1,10,1999
Oh! You Pretty Things,David Bowie,Hunky Dory,Rock,1,2,1971
Life On Mars,David Bowie,Hunky Dory,Rock,1,4,1971
Quicksand,David Bowie,Hunky Dory,Rock,1,6,1971
Andy Warhol,David Bowie,Hunky Dory,Rock,1,8,1971
Queen Bitch,David Bowie,Hunky Dory,Rock,1,10,1971
Modern Love (1999 Digital Remaster),David Bowie,Let's Dance,Rock,1,1,2006
Let's Dance (1999 Digital Remaster),David Bowie,Let's Dance,Rock,1,3,2006
Ricochet (1999 Digital Remaster),David Bowie,Let's Dance,Rock,1,5,2006
Cat People (Putting Out Fire) (1999 Digital Remaster),David Bowie,Let's Dance,Rock,1,7,2006
Fantastic Voyage (1999 Digital Remaster),David Bowie,Lodger,Rock,1,1,2006
Move On (1999 Digital Remaster),David Bowie,Lodger,Rock,1,3,2006
Red Sails (1999 Digital Remaster),David Bowie,Lodger,Rock,1,5,2006
Look Back In Anger (1999 Digital Remaster),David Bowie,Lodger,Rock,1,7,2006
Repetition (1999 Digital Remaster),David Bowie,Lodger,Rock,1,9,2006
Speed Of Life (1999 Digital Remaster),David Bowie,Low,Rock,1,1,2006
What In The World (1999 Digital Remaster),David Bowie,Low,Rock,1,3,2006
Always Crashing In The Same Car (1999 Digital Remaster),David Bowie,Low,Rock,1,5,2006
A New Career In A New Town (1999 Digital Remaster),David Bowie,Low,Rock,1,7,2006
Art Decade (1999 Digital Remaster),David Bowie,Low,Rock,1,9,2006
Subterraneans (1999 Digital Remaster),David Bowie,Low,Rock,1,11,2006
All The Madmen (1999 Digital Remaster),David Bowie,The Man Who Sold The World,Rock,1,2,2006
After All (1999 Digital Remaster),David Bowie,The Man Who Sold The World,Rock,1,4,2006
Saviour Machine (1999 Digital Remaster),David Bowie,The Man Who Sold The World,Rock,1,6,2006
The Man Who Sold The World (1999 Digital Remaster),David Bowie,The Man Who Sold The World,Rock,1,8,2006
Leon Takes Us Outside,David Bowie,Outside,Rock,1,1,1995
The Heart's Filthy Lesson,David Bowie,Outside,Rock,1,3,1995
Segue: Baby Grace [A Horrid Cassette],David Bowie,Outside,Rock,1,5,1995
The Motel,David Bowie,Outside,Rock,1,7,1995
No Control,David Bowie,Outside,Rock,1,9,1995
The Voyeur of Utter Destruction (As Beauty),David Bowie,Outside,Rock,1,11,1995
Wishful Beginnings,David Bowie,Outside,Rock,1,13,1995
Segue: Nathan Alder,David Bowie,Outside,Rock,1,15,1995
Thru' These Architects Eyes,David Bowie,Outside,Rock,1,17,1995
Strangers When We Meet,David Bowie,Outside,Rock,1,19,1995
Pablo Picasso,David Bowie,Reality,Pop,1,2,2003
The Loneliest Guy,David Bowie,Reality,Pop,1,4,2003
She'll Drive,David Bowie,Reality,Pop,1,6,2003
Days,David Bowie,Reality,Pop,1,8,2003
The Moon,David Bowie,Reality,Pop,1,10,2003
Fly,David Bowie,Reality [Bonus Disc],Pop,2,1,2003
Rebel Rebel,David Bowie,Reality [Bonus Disc],Pop,2,3,2003
Soul Love,David Bowie,The Rise And Fall Of Ziggy Stardust And The Spiders From Mars,Rock,1,2,1972
Starman,David Bowie,The Rise And Fall Of Ziggy Stardust And The Spiders From Mars,Rock,1,4,1972
Lady Stardust,David Bowie,The Rise And Fall Of Ziggy Stardust And The Spiders From Mars,Rock,1,6,1972
Hang On To Yourself,David Bowie,The Rise And Fall Of Ziggy Stardust And The Spiders From Mars,Rock,1,8,1972
Suffragette City,David Bowie,The Rise And Fall Of Ziggy Stardust And The Spiders From Mars,Rock,1,10,1972
Look Back In Anger,David Bowie,Scary Outside Live '96,Rock,0,1,1996
Strangers When We Meet,David Bowie,Scary Outside Live '96,Rock,0,3,1996
We Prick You,David Bowie,Scary Outside Live '96,Rock,0,5,1996
Diamond Dogs,David Bowie,Scary Outside Live '96,Rock,0,7,1996
Scary Monster,David Bowie,Scary Outside Live '96,Rock,0,9,1996
My Death,David Bowie,Scary Outside Live '96,Rock,0,11,1996
Under Pressure,David Bowie,Scary Outside Live '96,Rock,0,13,1996
Space Oddity,David Bowie,Space Oddity,Rock,1,1,1969
(Don't Sit Down),David Bowie,Space Oddity,Rock,1,3,1969
Cygnet Committee,David Bowie,Space Oddity,Rock,1,5,1969
An Occasional Dream,David Bowie,Space Oddity,Rock,1,7,1969
God Knows I'm Good,David Bowie,Space Oddity,Rock,1,9,1969
Station To Station,David Bowie,Station To Station,Rock,1,1,2010
Word On A Wing,David Bowie,Station To Station,Rock,1,3,2010
Stay,David Bowie,Station To Station,Rock,1,5,2010
Station To Station (Live Nassau Coliseum '76),David Bowie,Station To Station (Live Nassau Coliseum '76),Rock,2,1,2010
Fame (Live Nassau Coliseum '76),David Bowie,Station To Station (Live Nassau Coliseum '76),Rock,2,3,2010
Stay (Live Nassau Coliseum '76),David Bowie,Station To Station (Live Nassau Coliseum '76),Rock,2,5,2010
Queen Bitch (Live Nassau Coliseum '76),David Bowie,Station To Station (Live Nassau Coliseum '76),Rock,2,7,2010
Five Years (Live Nassau Coliseum '76),David Bowie,Station To Station (Live Nassau Coliseum '76),Rock,3,2,2010
Changes (Live Nassau Coliseum '76),David Bowie,Station To Station (Live Nassau Coliseum '76),Rock,3,4,2010
Diamond Dogs (Live Nassau Coliseum '76),David Bowie,Station To Station (Live Nassau Coliseum '76),Rock,3,6,2010
The Jean Genie (Live Nassau Coliseum '76),David Bowie,Station To Station (Live Nassau Coliseum '76),Rock,3,8,2010
Young Americans,David Bowie,Young Americans,Rock,1,1,1975
Fascination,David Bowie,Young Americans,Rock,1,3,1975
Somebody Up There Likes Me,David Bowie,Young Americans,Rock,1,5,1975
Can You Hear Me,David Bowie,Young Americans,Rock,1,7,1975
Intro,David Bowie,Ziggy Stardust And The Spiders From Mars: The Motion Picture Soundtrack,Rock,1,1,1973
Ziggy Stardust,David Bowie,Ziggy Stardust And The Spiders From Mars: The Motion Picture Soundtrack,Rock,1,3,1973
Wild Eyed Boy From Freecloud,David Bowie,Ziggy Stardust And The Spiders From Mars: The Motion Picture Soundtrack,Rock,1,5,1973
Oh! You Pretty Things,David Bowie,Ziggy Stardust And The Spiders From Mars: The Motion Picture Soundtrack,Rock,1,7,1973
Changes,David Bowie,Ziggy Stardust And The Spiders From Mars: The Motion Picture Soundtrack,Rock,1,9,1973
My Death,David Bowie,Ziggy Stardust And The Spiders From Mars: The Motion Picture Soundtrack,Rock,1,11,1973
Cracked Actor,David Bowie,Ziggy Stardust And The Spiders From Mars: The Motion Picture Soundtrack,Rock,2,2,1973
The Width Of A Circle (Live) [Stereo],David Bowie,Ziggy Stardust And The Spiders From Mars: The Motion Picture Soundtrack,Rock,2,4,1973
Suffragette City,David Bowie,Ziggy Stardust And The Spiders From Mars: The Motion Picture Soundtrack,Rock,2,6,1973
Farewell Speech,David Bowie,Ziggy Stardust And The Spiders From Mars: The Motion Picture Soundtrack,Rock,2,8,1973
The High Road,Broken Bells,Broken Bells,Alternative,1,1,2010
Your Head Is On Fire,Broken Bells,Broken Bells,Alternative,1,3,2010
Sailing To Nowhere,Broken Bells,Broken Bells,Alternative,1,5,2010
Citizen,Broken Bells,Broken Bells,Alternative,1,7,2010
Mongrel Heart,Broken Bells,Broken Bells,Alternative,1,9,2010
Fear Of Fireflies,Calla,Scavengers,Low Rock,1,1,2001
Traffic Sound,Calla,Scavengers,Low Rock,1,3,2001
Slum Creeper,Calla,Scavengers,Low Rock,1,5,2001
Mayzelle,Calla,Scavengers,Low Rock,1,7,2001
Fondness For Crawling,Calla,Scavengers,Low Rock,1,9,2001
Rider To The Sea,Anna Calvi,Anna Calvi (Domino Promo),Indie Rock,1,1,2010
Desire,Anna Calvi,Anna Calvi (Domino Promo),Indie Rock,1,3,2010
First We Kiss,Anna Calvi,Anna Calvi (Domino Promo),Indie Rock,1,5,2010
Blackout,Anna Calvi,Anna Calvi (Domino Promo),Indie Rock,1,7,2010
Morning Light,Anna Calvi,Anna Calvi (Domino Promo),Indie Rock,1,9,2010
American Flag,Cat Power,Moon Pix,Alternative,1,1,1998
No Sense,Cat Power,Moon Pix,Alternative,1,3,1998
Metal Heart,Cat Power,Moon Pix,Alternative,1,5,1998
Moonshiner,Cat Power,Moon Pix,Alternative,1,7,1998
Colors And The Kids,Cat Power,Moon Pix,Alternative,1,9,1998
Peking Saint,Cat Power,Moon Pix,Alternative,1,11,1998
Free,Cat Power,You Are Free,Alternative,1,2,2003
Speak For Me,Cat Power,You Are Free,Alternative,1,4,2003
Fool,Cat Power,You Are Free,Alternative,1,6,2003
Shaking Paper,Cat Power,You Are Free,Alternative,1,8,2003
Maybe Not,Cat Power,You Are Free,Alternative,1,10,2003
Half Of You,Cat Power,You Are Free,Alternative,1,12,2003
Evolution,Cat Power,You Are Free,Alternative,1,14,2003
Cannibal's Hymn,Nick Cave & The Bad Seeds,Abattoir Blues (Disc 1),Alternative,1,2,2004
Messiah Ward,Nick Cave & The Bad Seeds,Abattoir Blues (Disc 1),Alternative,1,4,2004
Nature Boy,Nick Cave & The Bad Seeds,Abattoir Blues (Disc 1),Alternative,1,6,2004
Let The Bells Ring,Nick Cave & The Bad Seeds,Abattoir Blues (Disc 1),Alternative,1,8,2004
Into My Arms,Nick Cave & The Bad Seeds,The Boatman's Call,Alternative,1,1,1997
People Ain't No Good,Nick Cave & The Bad Seeds,The Boatman's Call,Alternative,1,3,1997
There Is A Kingdom,Nick Cave & The Bad Seeds,The Boatman's Call,Alternative,1,5,1997
Where Do We Go Now But Nowhere?,Nick Cave & The Bad Seeds,The Boatman's Call,Alternative,1,7,1997
Black Hair,Nick Cave & The Bad Seeds,The Boatman's Call,Alternative,1,9,1997
Far From Me,Nick Cave & The Bad Seeds,The Boatman's Call,Alternative,1,11,1997
Dig Lazarus Dig!!!,Nick Cave & The Bad Seeds,Dig Lazarus Dig!!!,Alternative & Punk,1,1,2007
Moonland,Nick Cave & The Bad Seeds,Dig Lazarus Dig!!!,Alternative & Punk,1,3,2007
Albert Goes West,Nick Cave & The Bad Seeds,Dig Lazarus Dig!!!,Alternative & Punk,1,5,2007
Hold On To Yourself,Nick Cave & The Bad Seeds,Dig Lazarus Dig!!!,Alternative & Punk,1,7,2007
Jesus Of The Moon,Nick Cave & The Bad Seeds,Dig Lazarus Dig!!!,Alternative & Punk,1,9,2007
More News From Nowhere,Nick Cave & The Bad Seeds,Dig Lazarus Dig!!!,Alternative & Punk,1,11,2007
I Had A Dream Joe,Nick Cave & The Bad Seeds,Henry's Dream,Indie Rock,1,2,1992
Brother My Cup Is Empty,Nick Cave & The Bad Seeds,Henry's Dream,Indie Rock,1,4,1992
When I First Came To Town,Nick Cave & The Bad Seeds,Henry's Dream,Indie Rock,1,6,1992
Loom Of The Land,Nick Cave & The Bad Seeds,Henry's Dream,Indie Rock,1,8,1992
Do You Love Me?,Nick Cave & The Bad Seeds,Let Love In,Alternative,1,1,1994
Loverman,Nick Cave & The Bad Seeds,Let Love In,Alternative,1,3,1994
Red Right Hand,Nick Cave & The Bad Seeds,Let Love In,Alternative,1,5,1994
Thirsty Dog,Nick Cave & The Bad Seeds,Let Love In,Alternative,1,7,1994
Lay Me Low,Nick Cave & The Bad Seeds,Let Love In,Alternative,1,9,1994
The Lyre Of Orpheus,Nick Cave & The Bad Seeds,The Lyre Of Orpheus (Disc 2),Alternative,2,1,2004
Babe You Turn Me On,Nick Cave & The Bad Seeds,The Lyre Of Orpheus (Disc 2),Alternative,2,3,2004
Supernaturally,Nick Cave & The Bad Seeds,The Lyre Of Orpheus (Disc 2),Alternative,2,5,2004
Carry Me,Nick Cave & The Bad Seeds,The Lyre Of Orpheus (Disc 2),Alternative,2,7,2004
Song Of Joy,Nick Cave & The Bad Seeds,Murder Ballads,Alternative & Punk,1,1,1996
Henry Lee,Nick Cave & The Bad Seeds,Murder Ballads,Alternative & Punk,1,3,1996
Where The Wild Roses Grow,Nick Cave & The Bad Seeds,Murder Ballads,Alternative & Punk,1,5,1996
The Kindness Of Strangers,Nick Cave & The Bad Seeds,Murder Ballads,Alternative & Punk,1,7,1996
O'Malley's Bar,Nick Cave & The Bad Seeds,Murder Ballads,Alternative & Punk,1,9,1996
As I Sat Sadly By Her Side,Nick Cave & The Bad Seeds,No More Shall We Part,Alternative,1,1,2001
Hallelujah,Nick Cave & The Bad Seeds,No More Shall We Part,Alternative,1,3,2001
Fifteen Feet Of Pure White Snow,Nick Cave & The Bad Seeds,No More Shall We Part,Alternative,1,5,2001
Oh My Lord,Nick Cave & The Bad Seeds,No More Shall We Part,Alternative,1,7,2001
The Sorrowful Wife,Nick Cave & The Bad Seeds,No More Shall We Part,Alternative,1,9,2001
Gates Of The Garden,Nick Cave & The Bad Seeds,No More Shall We Part,Alternative,1,11,2001
Wonderful Life,Nick Cave & The Bad Seeds,Nocturama,Alternative,0,1,2003
Right Out Of Your Hand,Nick Cave & The Bad Seeds,Nocturama,Alternative,0,3,2003
Dead Man In My Bad,Nick Cave & The Bad Seeds,Nocturama,Alternative,0,5,2003
There Is A Town,Nick Cave & The Bad Seeds,Nocturama,Alternative,0,7,2003
She Passed By My Window,Nick Cave & The Bad Seeds,Nocturama,Alternative,0,9,2003
Disco Hospital,Coil,Love's Secret Domain,Industrial,0,1,1991
Things Happen,Coil,Love's Secret Domain,Industrial,0,3,1991
Dark River,Coil,Love's Secret Domain,Industrial,0,5,1991
Teenage Lightning 2,Coil,Love's Secret Domain,Industrial,0,7,1991
Further Back And Faster,Coil,Love's Secret Domain,Industrial,0,9,1991
Chaostrophy,Coil,Love's Secret Domain,Industrial,0,11,1991
Love's Secret Domain,Coil,Love's Secret Domain,Industrial,0,13,1991
Part Two,Controlled Bleeding,The Poisoner,Electronic,1,2,1997
Call the Ships to Port,Covenant,Northern Light,Electronic,1,2,2002
Invisible & Silent,Covenant,Northern Light,Electronic,1,4,2002
We Stand Alone,Covenant,Northern Light,Electronic,1,6,2002
Winter Comes,Covenant,Northern Light,Electronic,1,8,2002
Scared,Covenant,Northern Light,Electronic,1,10,2002
Ritual Noise,Covenant,Skyshaper,Electronic,1,1,2006
Happy Man,Covenant,Skyshaper,Electronic,1,3,2006
The Men,Covenant,Skyshaper,Electronic,1,5,2006
Greater Than the Sun,Covenant,Skyshaper,Electronic,1,7,2006
Spindrift,Covenant,Skyshaper,Electronic,1,9,2006
Like Tears In Rain,Covenant,United States Of Mind,Electronic,1,1,2000
Afterhours,Covenant,United States Of Mind,Electronic,1,3,2000
Tour De Force,Covenant,United States Of Mind,Electronic,1,5,2000
Humility,Covenant,United States Of Mind,Electronic,1,7,2000
One World One Sky,Covenant,United States Of Mind,Electronic,1,9,2000
The Shadow Of No Man,Crime and the City Solution,The Bride Ship,Rock,1,1,2008
Stone,Crime and the City Solution,The Bride Ship,Rock,1,3,2008
Keepsake,Crime and the City Solution,The Bride Ship,Rock,1,5,2008
Free World,Crime and the City Solution,The Bride Ship,Rock,1,7,2008
Three/Four,Crime and the City Solution,The Bride Ship,Rock,1,9,2008
It's No Game (Part 1) (1999 Digital Remaster),David Bowie,Scary Monsters,Rock,1,1,1999
Scary Monsters (And Super Creeps) (1999 Digital Remaster),David Bowie,Scary Monsters,Rock,1,3,1999
Fashion (1999 Digital Remaster),David Bowie,Scary Monsters,Rock,1,5,1999
Scream Like A Baby (1999 Digital Remaster),David Bowie,Scary Monsters,Rock,1,7,1999
Because You're Young (1999 Digital Remaster),David Bowie,Scary Monsters,Rock,1,9,1999
The Arrival And The Reunion (Remastered),Dead Can Dance,Aion (Remastered),Goth,1,1,1990
Mephisto (Remastered),Dead Can Dance,Aion (Remastered),Goth,1,3,1990
Fortune Presents Gifts Not According To The Book (Remastered,Dead Can Dance,Aion (Remastered),Goth,1,5,1990
The End Of Words (Remastered),Dead Can Dance,Aion (Remastered),Goth,1,7,1990
Wilderness (Remastered),Dead Can Dance,Aion (Remastered),Goth,1,9,1990
The Garden Of Zephirus (Remastered),Dead Can Dance,Aion (Remastered),Goth,1,11,1990
Children of the Sun,Dead Can Dance,Anastasis,Alternative Rock,1,1,2012
Agape,Dead Can Dance,Anastasis,Alternative Rock,1,3,2012
Kiko,Dead Can Dance,Anastasis,Alternative Rock,1,5,2012
Return of the She-King,Dead Can Dance,Anastasis,Alternative Rock,1,7,2012
The Fatal Impact (Remastered),Dead Can Dance,Dead Can Dance (Remastered),Goth,1,1,1984
Frontier (Remastered),Dead Can Dance,Dead Can Dance (Remastered),Goth,1,3,1984
Ocean (Remastered),Dead Can Dance,Dead Can Dance (Remastered),Goth,1,5,1984
Threshold (Remastered),Dead Can Dance,Dead Can Dance (Remastered),Goth,1,7,1984
Wild In The Woods (Remastered),Dead Can Dance,Dead Can Dance (Remastered),Goth,1,9,1984
Carnival Of Light (Remastered),Dead Can Dance,Dead Can Dance (Remastered),Goth,1,11,1984
The Arcane (Remastered),Dead Can Dance,Dead Can Dance (Remastered),Goth,1,13,1984
Yulunga (Spirit Dance),Dead Can Dance,Into The Labyrinth,Goth,1,1,1993
Wind That Shakes The Barley,Dead Can Dance,Into The Labyrinth,Goth,1,3,1993
Ariadne,Dead Can Dance,Into The Labyrinth,Goth,1,5,1993
Towards The Within,Dead Can Dance,Into The Labyrinth,Goth,1,7,1993
Spider's Stratagem,Dead Can Dance,Into The Labyrinth,Goth,1,9,1993
How Fortunate The Man With None,Dead Can Dance,Into The Labyrinth,Goth,1,11,1993
Orbis De Ignis (Remastered),Dead Can Dance,The Serpent's Egg (Remastered),Goth,1,2,2008
The Writing On My Father's Hand (Remastered),Dead Can Dance,The Serpent's Egg (Remastered),Goth,1,4,2008
Chant Of The Paladin (Remastered),Dead Can Dance,The Serpent's Egg (Remastered),Goth,1,6,2008
Echolalia (Remastered),Dead Can Dance,The Serpent's Egg (Remastered),Goth,1,8,2008
Ullyses (Remastered),Dead Can Dance,The Serpent's Egg (Remastered),Goth,1,10,2008
Ascension (Remastered),Dead Can Dance,Spleen And Ideal (Remastered),Goth,1,2,1985
The Cardinal Sin (Remastered),Dead Can Dance,Spleen And Ideal (Remastered),Goth,1,4,1985
Enigma Of The Absolute (Remastered),Dead Can Dance,Spleen And Ideal (Remastered),Goth,1,6,1985
Avatar (Remastered),Dead Can Dance,Spleen And Ideal (Remastered),Goth,1,8,1985
Rakim,Dead Can Dance,Toward The Within,Goth,1,1,1994
Desert Song,Dead Can Dance,Toward The Within,Goth,1,3,1994
Piece For Solo Flute,Dead Can Dance,Toward The Within,Goth,1,5,1994
I Am Stretched On Your Grave,Dead Can Dance,Toward The Within,Goth,1,7,1994
American Dreaming,Dead Can Dance,Toward The Within,Goth,1,9,1994
Oman,Dead Can Dance,Toward The Within,Goth,1,11,1994
Tristan,Dead Can Dance,Toward The Within,Goth,1,13,1994
Don't Fade Away,Dead Can Dance,Toward The Within,Goth,1,15,1994
Hang You From The Heavens,The Dead Weather,Horehound,Rock,1,2,2009
So Far From Your Weapon,The Dead Weather,Horehound,Rock,1,4,2009
Rocking Horse,The Dead Weather,Horehound,Rock,1,6,2009
Bone House,The Dead Weather,Horehound,Rock,1,8,2009
No Hassle Night,The Dead Weather,Horehound,Rock,1,10,2009
Blue Blood Blues,The Dead Weather,Sea Of Cowards,Alternative,1,1,2010
The Difference Between Us,The Dead Weather,Sea Of Cowards,Alternative,1,3,2010
Die By The Drop,The Dead Weather,Sea Of Cowards,Alternative,1,5,2010
Gasoline,The Dead Weather,Sea Of Cowards,Alternative,1,7,2010
Looking At The Invisible Man,The Dead Weather,Sea Of Cowards,Alternative,1,9,2010
Old Mary,The Dead Weather,Sea Of Cowards,Alternative,1,11,2010
Spaceboy,Dr. Steel,Dr. Steel,Steampunk,1,2,2001
Are We Having Fun Yet?,Dr. Steel,Dr. Steel,Steampunk,1,4,2001
Curse of the Crystal Skull,Dr. Steel,Dr. Steel,Steampunk,1,6,2001
Getting Directons / Thudd,Dr. Steel,Dr. Steel,Steampunk,1,8,2001
Bikinigram from Satan,Dr. Steel,Dr. Steel,Steampunk,1,10,2001
Raja,Dr. Steel,Dr. Steel,Steampunk,1,12,2001
Drop Da Bomb,Dr. Steel,Dr. Steel II: Eclectic Boogaloo,Steampunk,1,2,2001
Lament for a Toy Factory,Dr. Steel,Dr. Steel II: Eclectic Boogaloo,Steampunk,1,4,2001
The Dr. Steel Show,Dr. Steel,Dr. Steel II: Eclectic Boogaloo,Steampunk,1,6,2001
Slapped by Moe,Dr. Steel,Dr. Steel II: Eclectic Boogaloo,Steampunk,1,8,2001
Lullaby Bye,Dr. Steel,Dr. Steel II: Eclectic Boogaloo,Steampunk,1,10,2001
Childhood (Don't) A Go-Go,Dr. Steel,Dr. Steel II: Eclectic Boogaloo,Steampunk,1,12,2001
Fibonacci Sequence,Dr. Steel,People of Earth,Steampunk,1,2,2002
Back and Forth,Dr. Steel,People of Earth,Steampunk,1,4,2002
Ode to Revenge,Dr. Steel,People of Earth,Steampunk,1,6,2002
Secret Message,Dr. Steel,People of Earth,Steampunk,1,8,2002
We Decide,Dr. Steel,People of Earth,Steampunk,1,10,2002
The Singularity,Dr. Steel,People of Earth,Steampunk,1,12,2002
Girl Anachronism (Album Version),The Dresden Dolls,The Dresden Dolls,Alternative,1,2,2004
Half Jack (Album Version),The Dresden Dolls,The Dresden Dolls,Alternative,1,4,2004
Coin-Operated Boy (Album Version),The Dresden Dolls,The Dresden Dolls,Alternative,1,6,2004
Bad Habit (Album Version),The Dresden Dolls,The Dresden Dolls,Alternative,1,8,2004
The Jeep Song (Album Version),The Dresden Dolls,The Dresden Dolls,Alternative,1,10,2004
Truce (Album Version),The Dresden Dolls,The Dresden Dolls,Alternative,1,12,2004
Night Reconnaissance,The Dresden Dolls,No Virginia [Special Edition],Alternative,1,2,2008
Ultima Esperanza,The Dresden Dolls,No Virginia [Special Edition],Alternative,1,4,2008
Lonesome Organist Rapes Page-Turner,The Dresden Dolls,No Virginia [Special Edition],Alternative,1,6,2008
Pretty In Pink,The Dresden Dolls,No Virginia [Special Edition],Alternative,1,8,2008
The Sheep Song,The Dresden Dolls,No Virginia [Special Edition],Alternative,1,10,2008
Glass Slipper [Live St. Louis],The Dresden Dolls,No Virginia [Special Edition],Alternative,1,12,2008
I Would For You,The Dresden Dolls,No Virginia [Special Edition],Alternative,1,14,2008
Backstabber,The Dresden Dolls,Yes Virginia,Alternative,1,2,2006
My Alcoholic Friends,The Dresden Dolls,Yes Virginia,Alternative,1,4,2006
Dirty Business,The Dresden Dolls,Yes Virginia,Alternative,1,6,2006
Mrs. O,The Dresden Dolls,Yes Virginia,Alternative,1,8,2006
Necessary Evil,The Dresden Dolls,Yes Virginia,Alternative,1,10,2006
Me & The Minibar,The Dresden Dolls,Yes Virginia,Alternative,1,12,2006
Get It On,Grinderman,Grinderman,Rock,1,1,2006
Electric Alice,Grinderman,Grinderman,Rock,1,3,2006
Depth Charge Ethel,Grinderman,Grinderman,Rock,1,5,2006
I Don't Need You (To Set Me Free),Grinderman,Grinderman,Rock,1,7,2006
Man In The Moon,Grinderman,Grinderman,Rock,1,9,2006
Love Bomb,Grinderman,Grinderman,Rock,1,11,2006
Worm Tamer,Grinderman,Grinderman 2,Punk,1,2,2010
When My Baby Comes,Grinderman,Grinderman 2,Punk,1,4,2010
Evil!,Grinderman,Grinderman 2,Punk,1,6,2010
Palaces Of Montezuma,Grinderman,Grinderman 2,Punk,1,8,2010
Oh My Lover,P.J. Harvey,Dry,Rock,1,1,1992
Dress,P.J. Harvey,Dry,Rock,1,3,1992
Happy And Bleeding,P.J. Harvey,Dry,Rock,1,5,1992
Hair,P.J. Harvey,Dry,Rock,1,7,1992
Plants And Rags,P.J. Harvey,Dry,Rock,1,9,1992
Water,P.J. Harvey,Dry,Rock,1,11,1992
The Sky Lit Up,P.J. Harvey,Is This Desire?,Alternative,1,2,1998
My Beautiful Leah,P.J. Harvey,Is This Desire?,Alternative,1,4,1998
Catherine,P.J. Harvey,Is This Desire?,Alternative,1,6,1998
The Garden,P.J. Harvey,Is This Desire?,Alternative,1,8,1998
The River,P.J. Harvey,Is This Desire?,Alternative,1,10,1998
Is This Desire?,P.J. Harvey,Is This Desire?,Alternative,1,12,1998
The Last Living Rose,P.J. Harvey,Let England Shake,Rock,1,2,2011
The Words That Maketh Murder,P.J. Harvey,Let England Shake,Rock,1,4,2011
On Battleship Hill,P.J. Harvey,Let England Shake,Rock,1,6,2011
In The Dark Places,P.J. Harvey,Let England Shake,Rock,1,8,2011
Hanging On The Wire,P.J. Harvey,Let England Shake,Rock,1,10,2011
The Colour Of The Earth,P.J. Harvey,Let England Shake,Rock,1,12,2011
Missed,P.J. Harvey,Rid Of Me,Alternative,1,2,1993
Rub 'Til It Bleeds,P.J. Harvey,Rid Of Me,Alternative,1,4,1993
Man-Size Sextet,P.J. Harvey,Rid Of Me,Alternative,1,6,1993
50ft Queenie,P.J. Harvey,Rid Of Me,Alternative,1,8,1993
Man-Size,P.J. Harvey,Rid Of Me,Alternative,1,10,1993
Me-Jane,P.J. Harvey,Rid Of Me,Alternative,1,12,1993
Ecstasy,P.J. Harvey,Rid Of Me,Alternative,1,14,1993
Good Fortune,P.J. Harvey,Stories From The City Stories From The Sea,Alternative,1,2,2000
One Line,P.J. Harvey,Stories From The City Stories From The Sea,Alternative,1,4,2000
The Whores Hustle And The Hustlers Whore,P.J. Harvey,Stories From The City Stories From The Sea,Alternative,1,6,2000
You Said Something,P.J. Harvey,Stories From The City Stories From The Sea,Alternative,1,8,2000
This Is Love,P.J. Harvey,Stories From The City Stories From The Sea,Alternative,1,10,2000
We Float,P.J. Harvey,Stories From The City Stories From The Sea,Alternative,1,12,2000
Meet Ze Monsta,P.J. Harvey,To Bring You My Love,Alternative,1,2,1994
C'mon Billy,P.J. Harvey,To Bring You My Love,Alternative,1,4,1994
Long Snake Moan,P.J. Harvey,To Bring You My Love,Alternative,1,6,1994
I Think I'm A Mother,P.J. Harvey,To Bring You My Love,Alternative,1,8,1994
The Dancer,P.J. Harvey,To Bring You My Love,Alternative,1,10,1994
Shame,P.J. Harvey,Uh Huh Her,Alternative,1,2,2004
Pocket Knife,P.J. Harvey,Uh Huh Her,Alternative,1,4,2004
The Slow Drug,P.J. Harvey,Uh Huh Her,Alternative,1,6,2004
Cat On The Wall,P.J. Harvey,Uh Huh Her,Alternative,1,8,2004
It's You,P.J. Harvey,Uh Huh Her,Alternative,1,10,2004
The Desperate Kingdom Of Love,P.J. Harvey,Uh Huh Her,Alternative,1,12,2004
The Darker Days Of Me & Him,P.J. Harvey,Uh Huh Her,Alternative,1,14,2004
Dear Darkness,P.J. Harvey,White Chalk,Alternative & Punk,1,2,2007
When Under Ether,P.J. Harvey,White Chalk,Alternative & Punk,1,4,2007
Broken Harp,P.J. Harvey,White Chalk,Alternative & Punk,1,6,2007
To Talk To You,P.J. Harvey,White Chalk,Alternative & Punk,1,8,2007
Before Departure,P.J. Harvey,White Chalk,Alternative & Punk,1,10,2007
Pure ...The Suffering,In Slaughter Natives,Purgate My Stain,Dark Ambient,4,1,1995
Truth Awakening,In Slaughter Natives,Purgate My Stain,Dark Ambient,4,3,1995
The Silence Shed A Tear,In Slaughter Natives,Purgate My Stain,Dark Ambient,4,5,1995
13th Order,In Slaughter Natives,Purgate My Stain,Dark Ambient,4,7,1995
Skin Sore Eyes,In Slaughter Natives,Re-Enter Salvation,Dark Ambient,0,1,2002
Truth Awakening,In Slaughter Natives,Re-Enter Salvation,Dark Ambient,0,3,2002
Blood Testural,In Slaughter Natives,Re-Enter Salvation,Dark Ambient,0,5,2002
Chaos Breeding,In Slaughter Natives,Sacrosancts Bleed,Dark Ambient,3,1,1992
Fifth Skin,In Slaughter Natives,Sacrosancts Bleed,Dark Ambient,3,3,1992
Sacrosancts Bleed,In Slaughter Natives,Sacrosancts Bleed,Dark Ambient,3,5,1992
Intercession,In Slaughter Natives,Sacrosancts Bleed,Dark Ambient,3,7,1992
Inferno,In Slaughter Natives,Sacrosancts Bleed,Dark Ambient,3,9,1992
Mortified Flesh,In Slaughter Natives,Sacrosancts Bleed,Dark Ambient,3,11,1992
Trip Away,Jane's Addiction,Jane's Addiction,Rock,1,1,1987
Pigs In Zen,Jane's Addiction,Jane's Addiction,Rock,1,3,1987
I Would For You,Jane's Addiction,Jane's Addiction,Rock,1,5,1987
Jane Says,Jane's Addiction,Jane's Addiction,Rock,1,7,1987
Sympathy,Jane's Addiction,Jane's Addiction,Rock,1,9,1987
Up The Beach,Jane's Addiction,Nothing's Shocking,Alternative,1,1,1988
Had A Dad,Jane's Addiction,Nothing's Shocking,Alternative,1,3,1988
Standing In The Shower... Thinking,Jane's Addiction,Nothing's Shocking,Alternative,1,5,1988
Mountain Song,Jane's Addiction,Nothing's Shocking,Alternative,1,7,1988
Jane Says,Jane's Addiction,Nothing's Shocking,Alternative,1,9,1988
Pigs In Zen,Jane's Addiction,Nothing's Shocking,Alternative,1,11,1988
No One's Leaving,Jane's Addiction,Ritual De Lo Habitual,Alternative,1,2,1990
Obvious,Jane's Addiction,Ritual De Lo Habitual,Alternative,1,4,1990
Three Days,Jane's Addiction,Ritual De Lo Habitual,Alternative,1,6,1990
Of Course,Jane's Addiction,Ritual De Lo Habitual,Alternative,1,8,1990
True Nature,Jane's Addiction,Strays,Pop,1,1,2003
Just Because,Jane's Addiction,Strays,Pop,1,3,2003
The Riches,Jane's Addiction,Strays,Pop,1,5,2003
Wrong Girl,Jane's Addiction,Strays,Pop,1,7,2003
Suffer Some,Jane's Addiction,Strays,Pop,1,9,2003
To Match The Sun,Jane's Addiction,Strays,Pop,1,11,2003
Isolation,Joy Division,Closer [Collector's Edition],Rock,1,2,2007
Colony,Joy Division,Closer [Collector's Edition],Rock,1,4,1980
Heart And Soul,Joy Division,Closer [Collector's Edition],Rock,1,6,2007
The Eternal,Joy Division,Closer [Collector's Edition],Rock,1,8,1980
Disorder,Joy Division,Unknown Pleasures [Collector's Edition],Rock,1,1,1979
Candidate,Joy Division,Unknown Pleasures [Collector's Edition],Rock,1,3,1979
New Dawn Fades,Joy Division,Unknown Pleasures [Collector's Edition],Rock,1,5,1979
Shadowplay,Joy Division,Unknown Pleasures [Collector's Edition],Rock,1,7,2007
Interzone,Joy Division,Unknown Pleasures [Collector's Edition],Rock,1,9,1979
The Robots (2009 Digital Remaster),Kraftwerk,The Man Machine (2009 Digital Remaster),Electronic,1,1,2009
Metropolis (2009 Digital Remaster),Kraftwerk,The Man Machine (2009 Digital Remaster),Electronic,1,3,2009
Neon Lights (2009 Digital Remaster),Kraftwerk,The Man Machine (2009 Digital Remaster),Electronic,1,5,2009
The Age Of The Understatement,The Last Shadow Puppets,The Age Of The Understatement,Alternative,1,1,2008
Calm Like You,The Last Shadow Puppets,The Age Of The Understatement,Alternative,1,3,2008
The Chamber,The Last Shadow Puppets,The Age Of The Understatement,Alternative,1,5,2008
My Mistakes Were Made For You,The Last Shadow Puppets,The Age Of The Understatement,Alternative,1,7,2008
I Don't Like You Any More,The Last Shadow Puppets,The Age Of The Understatement,Alternative,1,9,2008
Meeting Place,The Last Shadow Puppets,The Age Of The Understatement,Alternative,1,11,2008
Imagine,John Lennon,Imagine,Rock,1,1,1971
Jealous Guy,John Lennon,Imagine,Rock,1,3,1971
I Don't Wanna Be A Soldier Mama,John Lennon,Imagine,Rock,1,5,1971
Oh My Love,John Lennon,Imagine,Rock,1,7,1971
How?,John Lennon,Imagine,Rock,1,9,1971
The Gravedigger's Song,Mark Lanegan Band,Blues Funeral,Alternative Rock,1,1,2012
Gray Goes Black,Mark Lanegan Band,Blues Funeral,Alternative Rock,1,3,2012
Riot In My House,Mark Lanegan Band,Blues Funeral,Alternative Rock,1,5,2012
Phantasmagoria Blues,Mark Lanegan Band,Blues Funeral,Alternative Rock,1,7,2012
Harborview Hospital,Mark Lanegan Band,Blues Funeral,Alternative Rock,1,9,2012
Deep Black Vanishing Train,Mark Lanegan Band,Blues Funeral,Alternative Rock,1,11,2012
The Missing (Live),Ministry,In Case You Didn't Feel Like Showing Up (Live),Industrial,1,1,1990
So What (Live),Ministry,In Case You Didn't Feel Like Showing Up (Live),Industrial,1,3,1990
Thieves (Live),Ministry,In Case You Didn't Feel Like Showing Up (Live),Industrial,1,5,1990
N.W.O.,Ministry,Psalm 69,Industrial,1,1,1992
TV II,Ministry,Psalm 69,Industrial,1,3,1992
Jesus Built My Hotrod,Ministry,Psalm 69,Industrial,1,5,1992
Psalm 69,Ministry,Psalm 69,Industrial,1,7,1992
Grace,Ministry,Psalm 69,Industrial,1,9,1992
Buena,Morphine,Cure For Pain,Alternative & Punk,1,2,1993
All Wrong,Morphine,Cure For Pain,Alternative & Punk,1,4,1993
A Head With Wings,Morphine,Cure For Pain,Alternative & Punk,1,6,1993
Thursday,Morphine,Cure For Pain,Alternative & Punk,1,8,1993
Mary Won't You Call My Name?,Morphine,Cure For Pain,Alternative & Punk,1,10,1993
Sheila,Morphine,Cure For Pain,Alternative & Punk,1,12,1993
Lilah,Morphine,Like Swimming,Low Rock,1,1,1997
I Know You (Part III),Morphine,Like Swimming,Low Rock,1,3,1997
Wishing Well,Morphine,Like Swimming,Low Rock,1,5,1997
Murder For The Money,Morphine,Like Swimming,Low Rock,1,7,1997
Empty Box,Morphine,Like Swimming,Low Rock,1,9,1997
Hanging On A Curtain,Morphine,Like Swimming,Low Rock,1,11,1997
The Night,Morphine,The Night,Low Rock,1,1,2000
Souvenir,Morphine,The Night,Low Rock,1,3,2000
Like A Mirror,Morphine,The Night,Low Rock,1,5,2000
Rope On Fire,Morphine,The Night,Low Rock,1,7,2000
The Way We Met,Morphine,The Night,Low Rock,1,9,2000
Take Me With You,Morphine,The Night,Low Rock,1,11,2000
Scratch,Morphine,Yes,Rock,1,2,1995
Whisper,Morphine,Yes,Rock,1,4,1995
All Your Way,Morphine,Yes,Rock,1,6,1995
I Had My Chance,Morphine,Yes,Rock,1,8,1995
Sharks,Morphine,Yes,Rock,1,10,1995
Gone For Good,Morphine,Yes,Rock,1,12,1995
Big Black Bull Comes Like A Caesar,Munly & The Lee Lewis Harlots,Munly & The Lee Lewis Harlots,Alternative,1,2,2004
Another Song About Jesus A Wedding Sheet And A Bowie Knife,Munly & The Lee Lewis Harlots,Munly & The Lee Lewis Harlots,Alternative,1,4,2004
Ragin' Cajun',Munly & The Lee Lewis Harlots,Munly & The Lee Lewis Harlots,Alternative,1,6,2004
Goose Walking Over My Grave,Munly & The Lee Lewis Harlots,Munly & The Lee Lewis Harlots,Alternative,1,8,2004
A Gentle Man's Jihad,Munly & The Lee Lewis Harlots,Munly & The Lee Lewis Harlots,Alternative,1,10,2004
Of Silas Fauntleroys Willingness To Influence The Panel,Munly & The Lee Lewis Harlots,Munly & The Lee Lewis Harlots,Alternative,1,12,2004
My Second Salvation Army Choir,Munly & The Lee Lewis Harlots,Munly & The Lee Lewis Harlots,Alternative,1,14,2004
Secret Meeting,The National,Alligator,Alternative Rock,1,1,2005
Lit Up,The National,Alligator,Alternative Rock,1,3,2005
Daughters Of The Soho Riots,The National,Alligator,Alternative Rock,1,5,2005
Friend Of Mine,The National,Alligator,Alternative Rock,1,7,2005
All The Wine,The National,Alligator,Alternative Rock,1,9,2005
The Geese Of Beverly Road,The National,Alligator,Alternative Rock,1,11,2005
Mr. November,The National,Alligator,Alternative Rock,1,13,2005
Mistaken For Strangers,The National,Boxer,Rock,1,2,2007
Squalor Victoria,The National,Boxer,Rock,1,4,2007
Slow Show,The National,Boxer,Rock,1,6,2007
Start A War,The National,Boxer,Rock,1,8,2007
Racing Like A Pro,The National,Boxer,Rock,1,10,2007
Gospel,The National,Boxer,Rock,1,12,2007
Sorrow,The National,High Violet,Alternative Rock,1,2,2010
Little Faith,The National,High Violet,Alternative Rock,1,4,2010
Bloodbuzz Ohio,The National,High Violet,Alternative Rock,1,6,2010
Runaway,The National,High Violet,Alternative Rock,1,8,2010
England,The National,High Violet,Alternative Rock,1,10,2010
Terrible Lie,Nine Inch Nails,And All That Could Have Been,Industrial,1,1,2002
March Of The Pigs,Nine Inch Nails,And All That Could Have Been,Industrial,1,3,2002
The Frail,Nine Inch Nails,And All That Could Have Been,Industrial,1,5,2002
Gave Up,Nine Inch Nails,And All That Could Have Been,Industrial,1,7,2002
The Mark Has Been Made,Nine Inch Nails,And All That Could Have Been,Industrial,1,9,2002
Suck,Nine Inch Nails,And All That Could Have Been,Industrial,1,11,2002
Head Like A Hole,Nine Inch Nails,And All That Could Have Been,Industrial,1,13,2002
Starfuckers Inc.,Nine Inch Nails,And All That Could Have Been,Industrial,1,15,2002
Pinion,Nine Inch Nails,Broken [Explicit],Industrial,1,1,2004
Last,Nine Inch Nails,Broken [Explicit],Industrial,1,3,2004
Happiness In Slavery,Nine Inch Nails,Broken [Explicit],Industrial,1,5,2004
Physical (You're So) [Explicit],Nine Inch Nails,Broken [Explicit],Industrial,1,7,2004
Mr. Self Destruct,Nine Inch Nails,The Downward Spiral,Industrial,1,1,1994
Heresy,Nine Inch Nails,The Downward Spiral,Industrial,1,3,1994
Closer,Nine Inch Nails,The Downward Spiral,Industrial,1,5,1994
The Becoming,Nine Inch Nails,The Downward Spiral,Industrial,1,7,1994
Big Man With A Gun,Nine Inch Nails,The Downward Spiral,Industrial,1,9,1994
Eraser,Nine Inch Nails,The Downward Spiral,Industrial,1,11,1994
The Downward Spiral,Nine Inch Nails,The Downward Spiral,Industrial,1,13,1994
Gave Up (Remix),Nine Inch Nails,Fixed,Industrial,0,1,1992
Happiness in Slavery (Remix),Nine Inch Nails,Fixed,Industrial,0,3,1992
Fist Fuck,Nine Inch Nails,Fixed,Industrial,0,5,1992
Somewhat Damaged,Nine Inch Nails,The Fragile,Industrial,1,1,1999
The Frail,Nine Inch Nails,The Fragile,Industrial,1,3,1999
We're In This Together,Nine Inch Nails,The Fragile,Industrial,1,5,1999
Just Like You Imagined,Nine Inch Nails,The Fragile,Industrial,1,7,1999
Pilgrimage,Nine Inch Nails,The Fragile,Industrial,1,9,1999
La Mer,Nine Inch Nails,The Fragile,Industrial,1,11,1999
The Way Out Is Through,Nine Inch Nails,The Fragile,Industrial,2,1,1999
Where Is Everybody?,Nine Inch Nails,The Fragile,Industrial,2,3,1999
Please,Nine Inch Nails,The Fragile,Industrial,2,5,1999
Complication,Nine Inch Nails,The Fragile,Industrial,2,7,1999
The Big Come Down,Nine Inch Nails,The Fragile,Industrial,2,9,1999
Ripe (with decay),Nine Inch Nails,The Fragile,Industrial,2,11,1999
The Art Of Self Destruction Part One,Nine Inch Nails,Further Down The Spiral,Industrial,1,2,1995
The Downward Spiral (The Bottom),Nine Inch Nails,Further Down The Spiral,Industrial,1,4,1995
Eraser (Denial: Realization),Nine Inch Nails,Further Down The Spiral,Industrial,1,6,1995
Eraser (Polite),Nine Inch Nails,Further Down The Spiral,Industrial,1,8,1995
The Beauty Of Being Numb,Nine Inch Nails,Further Down The Spiral,Industrial,1,10,1995
1 Ghosts I,Nine Inch Nails,Ghosts I-IV,Industrial,1,1,2008
3 Ghosts I,Nine Inch Nails,Ghosts I-IV,Industrial,1,3,2008
5 Ghosts I,Nine Inch Nails,Ghosts I-IV,Industrial,1,5,2008
7 Ghosts I,Nine Inch Nails,Ghosts I-IV,Industrial,1,7,2008
9 Ghosts I,Nine Inch Nails,Ghosts I-IV,Industrial,1,9,2008
Terrible Lie,Nine Inch Nails,Pretty Hate Machine,Industrial,1,2,1989
Sanctified,Nine Inch Nails,Pretty Hate Machine,Industrial,1,4,1989
Kinda I Want To,Nine Inch Nails,Pretty Hate Machine,Industrial,1,6,1989
That's What I Get,Nine Inch Nails,Pretty Hate Machine,Industrial,1,8,1989
Ringfinger,Nine Inch Nails,Pretty Hate Machine,Industrial,1,10,1989
Adrift and At Peace,Nine Inch Nails,Still,Industrial,2,2,2002
The Becoming,Nine Inch Nails,Still,Industrial,2,4,2002
The Day The World Went Away,Nine Inch Nails,Still,Industrial,2,6,2002
The Persistence of Loss,Nine Inch Nails,Still,Industrial,2,8,2002
All The Love In The World,Nine Inch Nails,With Teeth,Electronica/Dance,1,1,2005
The Collector,Nine Inch Nails,With Teeth,Electronica/Dance,1,3,2005
Love Is Not Enough,Nine Inch Nails,With Teeth,Electronica/Dance,1,5,2005
With Teeth,Nine Inch Nails,With Teeth,Electronica/Dance,1,7,2005
Getting Smaller,Nine Inch Nails,With Teeth,Electronica/Dance,1,9,2005
The Line Begins To Blur,Nine Inch Nails,With Teeth,Electronica/Dance,1,11,2005
Right Where It Belongs,Nine Inch Nails,With Teeth,Electronica/Dance,1,13,2005
Dark (Andy Gary Mix),Gary Numan,Hybrid,Electronic,1,2,2006
Bleed (Sulpher Mix),Gary Numan,Hybrid,Electronic,1,4,2006
Down in the Park (Curve Mix),Gary Numan,Hybrid,Electronic,1,6,2006
Absolution (Gray Mix),Gary Numan,Hybrid,Electronic,1,8,2006
Ancients,Gary Numan,Hybrid,Electronic,2,1,2006
A Prayer for the Unborn (gary Mix),Gary Numan,Hybrid,Electronic,2,3,2006
Listen to My Voice (Rico Mix),Gary Numan,Hybrid,Electronic,2,5,2006
This Wreckage (New Disease Mix),Gary Numan,Hybrid,Electronic,2,7,2006
M.E,Gary Numan,Hybrid,Electronic,2,9,2006
Airlane,Gary Numan,The Pleasure Principle,Alternative,1,1,1979
Complex,Gary Numan,The Pleasure Principle,Alternative,1,3,1979
M.E.,Gary Numan,The Pleasure Principle,Alternative,1,5,1979
Observer,Gary Numan,The Pleasure Principle,Alternative,1,7,1979
Cars,Gary Numan,The Pleasure Principle,Alternative,1,9,1979
Random,Gary Numan,The Pleasure Principle,Alternative,1,11,1979
Asylum,Gary Numan,The Pleasure Principle,Alternative,1,13,1979
Bombers (Live),Gary Numan,The Pleasure Principle,Alternative,1,15,1979
On Broadway (Live),Gary Numan,The Pleasure Principle,Alternative,1,17,1979
Optical Illusion Pad,Nurse With Wound,Second Pirate Session,Unclassifiable,1,2,1998
A. Subterranean Zappa Blues / B. My Saxy Baby,Nurse With Wound,Second Pirate Session,Unclassifiable,1,4,1998
Russolo A Little Fella On Very Ordinary Legs (On The Verge Of Getting It On),Nurse With Wound,Second Pirate Session,Unclassifiable,1,6,1998
Rock'n Roll Station (Atmospheric Karaoke Version),Nurse With Wound,Second Pirate Session,Unclassifiable,1,8,1998
The Self Sufficient Sexual Shoe,Nurse With Wound,Second Pirate Session,Unclassifiable,2,2,1998
A Silhouette And A Thumbtack (Dance In Hyperspace),Nurse With Wound,Second Pirate Session,Unclassifiable,2,4,1998
Finsbury Park May 8th 1.35 Pm (I'll Se You In Another World),Nurse With Wound,Second Pirate Session,Unclassifiable,2,6,1998
Meow Meow Introduces The Grand Theft Orchestra,Amanda Palmer & The Grand Theft Orchestra,Theatre Is Evil,Alternative,1,1,2102
The Killing Type,Amanda Palmer & The Grand Theft Orchestra,Theatre Is Evil,Alternative,1,3,2012
Want It Back,Amanda Palmer & The Grand Theft Orchestra,Theatre Is Evil,Alternative,1,5,2012
Trout Heart Replica,Amanda Palmer & The Grand Theft Orchestra,Theatre Is Evil,Alternative,1,7,2012
Lost,Amanda Palmer & The Grand Theft Orchestra,Theatre Is Evil,Alternative,1,9,2012
The Bed Song,Amanda Palmer & The Grand Theft Orchestra,Theatre Is Evil,Alternative,1,11,2012
Melody Dean,Amanda Palmer & The Grand Theft Orchestra,Theatre Is Evil,Alternative,1,13,2012
Olly Olly Oxen Free,Amanda Palmer & The Grand Theft Orchestra,Theatre Is Evil,Alternative,1,15,2012
The Living Room (B-Side),Amanda Palmer & The Grand Theft Orchestra,Theatre Is Evil,Alternative,1,17,2012
From St. Kilda To Fitzroy,Amanda Palmer & The Grand Theft Orchestra,Theatre Is Evil,Alternative,1,19,2012
Provanity,Amanda Palmer & The Grand Theft Orchestra,Theatre Is Evil,Alternative,1,21,2012
Not Mine,Amanda Palmer & The Grand Theft Orchestra,Theatre Is Evil,Alternative,1,23,2012
Dogs,Pink Floyd,Animals,Rock,1,2,1977
Sheep,Pink Floyd,Animals,Rock,1,4,1977
Speak To Me / Breathe,Pink Floyd,Dark Side Of The Moon,Rock,1,1,1973
Time,Pink Floyd,Dark Side Of The Moon,Rock,1,3,1973
Money,Pink Floyd,Dark Side Of The Moon,Rock,1,5,1973
Any Colour You Like,Pink Floyd,Dark Side Of The Moon,Rock,1,7,1973
Eclipse,Pink Floyd,Dark Side Of The Moon,Rock,1,9,1973
Your Possible Pasts,Pink Floyd,The Final Cut [Remaster],Rock,1,2,1983
When The Tigers Broke Free,Pink Floyd,The Final Cut [Remaster],Rock,1,4,1983
The Gunner's Dream,Pink Floyd,The Final Cut [Remaster],Rock,1,6,1983
Get Your Filthy Hands Off My Desert,Pink Floyd,The Final Cut [Remaster],Rock,1,8,1983
Southhampton Dock,Pink Floyd,The Final Cut [Remaster],Rock,1,10,1983
Not Now John,Pink Floyd,The Final Cut [Remaster],Rock,1,12,1983
One Of These Days,Pink Floyd,Meddle,Rock,1,1,1971
Fearless,Pink Floyd,Meddle,Rock,1,3,1971
Seamus,Pink Floyd,Meddle,Rock,1,5,1971
Obscured by Clouds,Pink Floyd,Obscured by Clouds,Rock,1,1,1972
Burning Bridges,Pink Floyd,Obscured by Clouds,Rock,1,3,1972
Wot's . . . Uh The Deal,Pink Floyd,Obscured by Clouds,Rock,1,5,1972
Childhood's End,Pink Floyd,Obscured by Clouds,Rock,1,7,1972
Stay,Pink Floyd,Obscured by Clouds,Rock,1,9,1972
Astronomy Domine,Pink Floyd,The Piper At The Gates Of Dawn,Rock,1,1,1967
Matilda Mother,Pink Floyd,The Piper At The Gates Of Dawn,Rock,1,3,1967
Pow R. Toc H.,Pink Floyd,The Piper At The Gates Of Dawn,Rock,1,5,1967
Interstellar Overdrive,Pink Floyd,The Piper At The Gates Of Dawn,Rock,1,7,1967
Chapter 24,Pink Floyd,The Piper At The Gates Of Dawn,Rock,1,9,1967
Bike,Pink Floyd,The Piper At The Gates Of Dawn,Rock,1,11,1967
Remember A Day,Pink Floyd,A Saucerful Of Secrets,Rock,1,2,1968
Corporal Clegg,Pink Floyd,A Saucerful Of Secrets,Rock,1,4,1968
See-Saw,Pink Floyd,A Saucerful Of Secrets,Rock,1,6,1968
In The Flesh?,Pink Floyd,The Wall,Rock,1,1,1979
Another Brick In The Wall Pt. 1,Pink Floyd,The Wall,Rock,1,3,1979
Another Brick In The Wall Pt. 2,Pink Floyd,The Wall,Rock,1,5,1979
Goodbye Blue Sky,Pink Floyd,The Wall,Rock,1,7,1979
Young Lust,Pink Floyd,The Wall,Rock,1,9,1979
Don't Leave Me Now,Pink Floyd,The Wall,Rock,1,11,1979
Goodbye Cruel World,Pink Floyd,The Wall,Rock,1,13,1979
Is There Anybody Out There?,Pink Floyd,The Wall,Rock,2,2,1979
Vera,Pink Floyd,The Wall,Rock,2,4,1979
Comfortably Numb,Pink Floyd,The Wall,Rock,2,6,1979
In The Flesh,Pink Floyd,The Wall,Rock,2,8,1979
Waiting For The Worms,Pink Floyd,The Wall,Rock,2,10,1979
The Trial,Pink Floyd,The Wall,Rock,2,12,1979
Shine On You Crazy Diamond (Parts I-V),Pink Floyd,Wish You Were Here,Rock,1,1,1975
Have A Cigar,Pink Floyd,Wish You Were Here,Rock,1,3,1975
Shine On You Crazy Diamond (Parts VI-IX),Pink Floyd,Wish You Were Here,Rock,1,5,1975
Rock Music,Pixies,Bossanova,Alternative,1,2,1990
Alison,Pixies,Bossanova,Alternative,1,4,1990
Ana,Pixies,Bossanova,Alternative,1,6,1990
Dig For Fire,Pixies,Bossanova,Alternative,1,8,1990
The Happening,Pixies,Bossanova,Alternative,1,10,1990
Hang Wire,Pixies,Bossanova,Alternative,1,12,1990
Havalina,Pixies,Bossanova,Alternative,1,14,1990
Tame,Pixies,Doolittle,Alternative,1,2,1989
I Bleed,Pixies,Doolittle,Alternative,1,4,1989
Dead,Pixies,Doolittle,Alternative,1,6,1989
Mr. Grieves,Pixies,Doolittle,Alternative,1,8,1989
La La Love You,Pixies,Doolittle,Alternative,1,10,1989
There Goes My Gun,Pixies,Doolittle,Alternative,1,12,1989
Silver,Pixies,Doolittle,Alternative,1,14,1989
Bone Machine,Pixies,Surfer Rosa & Come On Pilgrim,Indie Rock,1,1,1988
Something Against You,Pixies,Surfer Rosa & Come On Pilgrim,Indie Rock,1,3,1988
Gigantic,Pixies,Surfer Rosa & Come On Pilgrim,Indie Rock,1,5,1988
Where Is My Mind?,Pixies,Surfer Rosa & Come On Pilgrim,Indie Rock,1,7,1988
Tony's Theme,Pixies,Surfer Rosa & Come On Pilgrim,Indie Rock,1,9,1988
You Fuckin' Die...!,Pixies,Surfer Rosa & Come On Pilgrim,Indie Rock,1,11,1988
I'm Amazed,Pixies,Surfer Rosa & Come On Pilgrim,Indie Rock,1,13,1988
Caribou,Pixies,Surfer Rosa & Come On Pilgrim,Indie Rock,1,15,1988
Isla De Encanta,Pixies,Surfer Rosa & Come On Pilgrim,Indie Rock,1,17,1988
The Holiday Song,Pixies,Surfer Rosa & Come On Pilgrim,Indie Rock,1,19,1988
I've Been Tired,Pixies,Surfer Rosa & Come On Pilgrim,Indie Rock,1,21,1988
Trompe Le Monde,Pixies,Trompe Le Monde,Alternative,1,1,1991
Alec Eiffel,Pixies,Trompe Le Monde,Alternative,1,3,1991
Head On,Pixies,Trompe Le Monde,Alternative,1,5,1991
Palace Of The Brine,Pixies,Trompe Le Monde,Alternative,1,7,1991
Bird Dream Of The Olympus Mons,Pixies,Trompe Le Monde,Alternative,1,9,1991
Subbacultcha,Pixies,Trompe Le Monde,Alternative,1,11,1991
Lovely Day,Pixies,Trompe Le Monde,Alternative,1,13,1991
The Navajo Know,Pixies,Trompe Le Monde,Alternative,1,15,1991
Groundhog's Day,Primus,Frizzle Fry,Alternative,1,2,1990
Mr. Knowitall,Primus,Frizzle Fry,Alternative,1,4,1990
John the Fisherman,Primus,Frizzle Fry,Alternative,1,6,1990
The Toys Go Winding Down,Primus,Frizzle Fry,Alternative,1,8,1990
Sathington Willoby,Primus,Frizzle Fry,Alternative,1,10,1990
Harold of the Rocks,Primus,Frizzle Fry,Alternative,1,12,1990
Hello Skinny/Constantinople,Primus,Frizzle Fry,Alternative,1,14,1990
Hennepin Crawler,Primus,Green Naugahyde,Alternative Rock,1,2,2011
Eternal Consumption Engine,Primus,Green Naugahyde,Alternative Rock,1,4,2011
Eyes Of The Squirrel,Primus,Green Naugahyde,Alternative Rock,1,6,2011
Lee Van Cleef,Primus,Green Naugahyde,Alternative Rock,1,8,2011
Green Ranger,Primus,Green Naugahyde,Alternative Rock,1,10,2011
Extinction Burst,Primus,Green Naugahyde,Alternative Rock,1,12,2011
Those Damned Blue Collar Tweekers (Live From London 7.13.11),Primus,Green Naugahyde,Alternative Rock,1,14,2011
My Name Is Mud,Primus,Pork Soda,Alternative,1,2,1993
Bob,Primus,Pork Soda,Alternative,1,4,1993
Ol' Diamondback Sturgeon (Fisherman's Chronicles Pt. 3),Primus,Pork Soda,Alternative,1,6,1993
Wounded Knee,Primus,Pork Soda,Alternative,1,8,1993
The Pressman,Primus,Pork Soda,Alternative,1,10,1993
The Air Is Getting Slippery,Primus,Pork Soda,Alternative,1,12,1993
Pork Chop's Little Ditty,Primus,Pork Soda,Alternative,1,14,1993
Drive,R.E.M.,Automatic For The People,Alternative,1,1,1992
The Sidewinder Sleeps Tonite,R.E.M.,Automatic For The People,Alternative,1,3,1992
New Orleans Instrumental No. 1,R.E.M.,Automatic For The People,Alternative,1,5,1992
Monty Got A Raw Deal,R.E.M.,Automatic For The People,Alternative,1,7,1992
Star Me Kitten,R.E.M.,Automatic For The People,Alternative,1,9,1992
Nightswimming,R.E.M.,Automatic For The People,Alternative,1,11,1992
Pop Song 89,R.E.M.,Green,Rock,1,1,1988
You Are The Everything,R.E.M.,Green,Rock,1,3,1988
World Leader Pretend,R.E.M.,Green,Rock,1,5,1988
Orange Crush,R.E.M.,Green,Rock,1,7,1988
Hairshirt,R.E.M.,Green,Rock,1,9,1988
Untitled,R.E.M.,Green,Rock,1,11,1988
Crush With Eyeliner,R.E.M.,Monster,Rock,1,2,2008
I Don't Sleep I Dream,R.E.M.,Monster,Rock,1,4,2008
Strange Currencies,R.E.M.,Monster,Rock,1,6,2008
Bang And Blame,R.E.M.,Monster,Rock,1,8,2008
Let Me In,R.E.M.,Monster,Rock,1,10,2008
You,R.E.M.,Monster,Rock,1,12,2008
Losing My Religion,R.E.M.,Out Of Time,Rock,1,2,1991
Near Wild Heaven,R.E.M.,Out Of Time,Rock,1,4,1991
Shiny Happy People,R.E.M.,Out Of Time,Rock,1,6,1991
Half A World Away,R.E.M.,Out Of Time,Rock,1,8,1991
Country Feedback,R.E.M.,Out Of Time,Rock,1,10,1991
Packt Like Sardines In A Crushd Tin Box,Radiohead,Amnesiac,Alternative & Punk,1,1,2001
Pulk/Pull Revolving Doors,Radiohead,Amnesiac,Alternative & Punk,1,3,2001
I Might Be Wrong,Radiohead,Amnesiac,Alternative & Punk,1,5,2001
Morning Bell/Amnesiac,Radiohead,Amnesiac,Alternative & Punk,1,7,2001
Hunting Bears,Radiohead,Amnesiac,Alternative & Punk,1,9,2001
Life In A Glass House,Radiohead,Amnesiac,Alternative & Punk,1,11,2001
Trans-Atlantic Drawl,Radiohead,Amnesiac [Disc 2],Alternative & Punk,2,2,2001
The National Anthem,Radiohead,Amnesiac [Disc 2],Alternative & Punk,2,4,2001
Fog,Radiohead,Amnesiac [Disc 2],Alternative & Punk,2,6,2001
Life In A Glasshouse (Full Length Version),Radiohead,Amnesiac [Disc 2],Alternative & Punk,2,8,2001
Packt Like Sardines In A Crushd Tin Box,Radiohead,Amnesiac [Disc 2],Alternative & Punk,2,10,2001
I Might Be Wrong,Radiohead,Amnesiac [Disc 2],Alternative & Punk,2,12,2001
Pyramid Song,Radiohead,Amnesiac [Disc 2],Alternative & Punk,2,14,2001
Planet Telex,Radiohead,The Bends,Alternative,1,1,1995
High And Dry,Radiohead,The Bends,Alternative,1,3,1995
Bones,Radiohead,The Bends,Alternative,1,5,1995
Just,Radiohead,The Bends,Alternative,1,7,1995
Bullet Proof...I Wish I Was,Radiohead,The Bends,Alternative,1,9,1995
Sulk,Radiohead,The Bends,Alternative,1,11,1995
2+2=5 (The Lukewarm),Radiohead,Hail To The Thief,Alternative & Punk,1,1,2003
Sail To The Moon (Brush The Cobwebs Of The Sky),Radiohead,Hail To The Thief,Alternative & Punk,1,3,2003
Go To Sleep (Little Man Being Erased),Radiohead,Hail To The Thief,Alternative & Punk,1,5,2003
We Suck Young Blood (Your Time Is Up),Radiohead,Hail To The Thief,Alternative & Punk,1,7,2003
There There (The Boney King Of Nowhere),Radiohead,Hail To The Thief,Alternative & Punk,1,9,2003
A Punch Up At A Wedding (No No No No No No No No),Radiohead,Hail To The Thief,Alternative & Punk,1,11,2003
Scatterbrain (As Dead As Leaves),Radiohead,Hail To The Thief,Alternative & Punk,1,13,2003
Paperbag Writer,Radiohead,Hail To The Thief [Disc 2],Alternative & Punk,2,1,2003
I Am Citizen Insane,Radiohead,Hail To The Thief [Disc 2],Alternative & Punk,2,3,2003
Gagging Order,Radiohead,Hail To The Thief [Disc 2],Alternative & Punk,2,5,2003
Remyxomatosis (Cristian Vogel RMX),Radiohead,Hail To The Thief [Disc 2],Alternative & Punk,2,7,2003
Skttrbrain (Four Tet RMX),Radiohead,Hail To The Thief [Disc 2],Alternative & Punk,2,9,2003
Sail To The Moon [Live],Radiohead,Hail To The Thief [Disc 2],Alternative & Punk,2,11,2003
Go To Sleep [Live],Radiohead,Hail To The Thief [Disc 2],Alternative & Punk,2,13,2003
Kid A,Radiohead,Kid A,Alternative & Punk,1,2,2000
How To Disappear Completely,Radiohead,Kid A,Alternative & Punk,1,4,2000
Optimistic,Radiohead,Kid A,Alternative & Punk,1,6,2000
Idioteque,Radiohead,Kid A,Alternative & Punk,1,8,2000
Motion Picture Soundtrack,Radiohead,Kid A,Alternative & Punk,1,10,2000
Paranoid Android,Radiohead,OK Computer,Alternative,1,2,1997
Exit Music (For A Film),Radiohead,OK Computer,Alternative,1,4,1997
Karma Police,Radiohead,OK Computer,Alternative,1,6,1997
Electioneering,Radiohead,OK Computer,Alternative,1,8,1997
No Surprises,Radiohead,OK Computer,Alternative,1,10,1997
The Tourist,Radiohead,OK Computer,Alternative,1,12,1997
Hands Off Me (Album Version),Red Lorry Yellow Lorry,Nothing Wrong / Blow,Rock,1,2,2001
She Said (Album Version),Red Lorry Yellow Lorry,Nothing Wrong / Blow,Rock,1,4,2001
World Around (Album Version),Red Lorry Yellow Lorry,Nothing Wrong / Blow,Rock,1,6,2001
Only Dreaming (Album Version),Red Lorry Yellow Lorry,Nothing Wrong / Blow,Rock,1,8,2001
Never Know (Album Version),Red Lorry Yellow Lorry,Nothing Wrong / Blow,Rock,1,10,2001
Happy To See Me (Album Version),Red Lorry Yellow Lorry,Nothing Wrong / Blow,Rock,1,12,2001
Shine A Light (Album Version),Red Lorry Yellow Lorry,Nothing Wrong / Blow,Rock,1,14,2001
Heaven (Album Version),Red Lorry Yellow Lorry,Nothing Wrong / Blow,Rock,1,16,2001
In A World (Album Version),Red Lorry Yellow Lorry,Nothing Wrong / Blow,Rock,1,18,2001
West Wakes Up (Album Version),Red Lorry Yellow Lorry,Nothing Wrong / Blow,Rock,1,20,2001
Blow (Album Version),Red Lorry Yellow Lorry,Nothing Wrong / Blow,Rock,1,22,2001
Hand On Heart (Album Version),Red Lorry Yellow Lorry,Talk About The Weather,Rock,1,2,2005
Hollow Eyes (Album Version),Red Lorry Yellow Lorry,Talk About The Weather,Rock,1,4,2005
Sometimes (Album Version),Red Lorry Yellow Lorry,Talk About The Weather,Rock,1,6,2005
Happy (Album Version),Red Lorry Yellow Lorry,Talk About The Weather,Rock,1,8,2005
I'm Still Waiting (Single Version),Red Lorry Yellow Lorry,Talk About The Weather,Rock,1,10,2005
Happy (Single Version) (Single Version),Red Lorry Yellow Lorry,Talk About The Weather,Rock,1,12,2005
See The Fire (Single Version),Red Lorry Yellow Lorry,Talk About The Weather,Rock,1,14,2005
Push (Single Version),Red Lorry Yellow Lorry,Talk About The Weather,Rock,1,16,2005
"Hollow Eyes (12"" Version) (Single Version)",Red Lorry Yellow Lorry,Talk About The Weather,Rock,1,18,2005
Everyone Comes To The Freak Show,The Residents,Freak Show - Original Soundtrack,Unclassifiable,1,1,1990
Herman The Human Mole,The Residents,Freak Show - Original Soundtrack,Unclassifiable,1,3,1990
Jelly Jack The Boneless Boy,The Residents,Freak Show - Original Soundtrack,Unclassifiable,1,5,1990
Mickey The Mumbling Midget,The Residents,Freak Show - Original Soundtrack,Unclassifiable,1,7,1990
Nobody Laughs When They Leave,The Residents,Freak Show - Original Soundtrack,Unclassifiable,1,9,1990
Black Eyes,Shearwater,The Golden Archipelago,Alternative,1,2,2010
Hidden Lake,Shearwater,The Golden Archipelago,Alternative,1,4,2010
God Made Me,Shearwater,The Golden Archipelago,Alternative,1,6,2010
Castaways,Shearwater,The Golden Archipelago,Alternative,1,8,2010
Uniforms,Shearwater,The Golden Archipelago,Alternative,1,10,2010
Silver Bodies [Exclusive Track],Shearwater,The Golden Archipelago,Alternative,1,12,2010
Rooks,Shearwater,Rook,Alternative,1,2,2008
Home Life,Shearwater,Rook,Alternative,1,4,2008
Century Eyes,Shearwater,Rook,Alternative,1,6,2008
South Col,Shearwater,Rook,Alternative,1,8,2008
The Hunter's Star,Shearwater,Rook,Alternative,1,10,2008
Love & Work,Songs: Ohia,Axxess & Ace,Alternative,1,2,2000
Redhead,Songs: Ohia,Axxess & Ace,Alternative,1,4,2000
Come Back To Your Man,Songs: Ohia,Axxess & Ace,Alternative,1,6,2000
How To Be A Perfect Man,Songs: Ohia,Axxess & Ace,Alternative,1,8,2000
Didn't It Rain,Songs: Ohia,Didn't It Rain,Alternative,1,1,2002
Ring The Bell,Songs: Ohia,Didn't It Rain,Alternative,1,3,2002
Blue Factory Flame,Songs: Ohia,Didn't It Rain,Alternative,1,5,2002
Blue Chicago Moon,Songs: Ohia,Didn't It Rain,Alternative,1,7,2002
The Body Burned Away,Songs: Ohia,Ghost Tropic,Alternative,0,2,2000
Ghost Tropic,Songs: Ohia,Ghost Tropic,Alternative,0,4,2000
Not Just A Ghost's Heart,Songs: Ohia,Ghost Tropic,Alternative,0,6,2000
Incantation,Songs: Ohia,Ghost Tropic,Alternative,0,8,2000
Easts Heart Divided,Songs: Ohia,Impala,Alternative,1,2,1998
Hearts Newly Arrived,Songs: Ohia,Impala,Alternative,1,4,1998
One Of Those Uncertain Hands,Songs: Ohia,Impala,Alternative,1,6,1998
The Rules Of Absence,Songs: Ohia,Impala,Alternative,1,8,1998
Program: The Mask,Songs: Ohia,Impala,Alternative,1,10,1998
Separations: Reminger,Songs: Ohia,Impala,Alternative,1,12,1998
The Black Crow,Songs: Ohia,The Lioness,Alternative,1,1,2000
Nervous Bride,Songs: Ohia,The Lioness,Alternative,1,3,2000
Lioness,Songs: Ohia,The Lioness,Alternative,1,5,2000
Back On Top,Songs: Ohia,The Lioness,Alternative,1,7,2000
Just A Spark,Songs: Ohia,The Lioness,Alternative,1,9,2000
Let It Come Down,Swans,Forever Burned,Unclassifiable,1,2,2003
Mona Lisa Mother Earth,Swans,Forever Burned,Unclassifiable,1,4,2003
Saved,Swans,Forever Burned,Unclassifiable,1,6,2003
Jane Mary Cry One Tear,Swans,Forever Burned,Unclassifiable,1,8,2003
God Damn The Sun,Swans,Forever Burned,Unclassifiable,1,10,2003
No Cure For The Lonely,Swans,Forever Burned,Unclassifiable,1,12,2003
God Loves America,Swans,Forever Burned,Unclassifiable,1,14,2003
Power And Sacrifice,Swans,Forever Burned,Unclassifiable,1,16,2003
In,Swans,The Great Annihilator,Alternative,1,1,1995
She Lives,Swans,The Great Annihilator,Alternative,1,3,1995
Mother/Father,Swans,The Great Annihilator,Alternative,1,5,1995
Mind/Body/Light/Sound,Swans,The Great Annihilator,Alternative,1,7,1995
Warm,Swans,The Great Annihilator,Alternative,1,9,1995
Killing For Company,Swans,The Great Annihilator,Alternative,1,11,1995
Where Does A Body End?,Swans,The Great Annihilator,Alternative,1,13,1995
The Great Annihilator,Swans,The Great Annihilator,Alternative,1,15,1995
I Am The Sun (Live At The Flesh Club),Swans,The Great Annihilator,Alternative,1,17,1995
Love Of Life,Swans,Love Of Life,Unclassifiable,1,2,1992
(---),Swans,Love Of Life,Unclassifiable,1,4,1992
The Other Side Of The World,Swans,Love Of Life,Unclassifiable,1,6,1992
The Sound Of Freedom,Swans,Love Of Life,Unclassifiable,1,8,1992
Amnesia,Swans,Love Of Life,Unclassifiable,1,10,1992
(---),Swans,Love Of Life,Unclassifiable,1,12,1992
She Crys (For Spider),Swans,Love Of Life,Unclassifiable,1,14,1992
(---),Swans,Love Of Life,Unclassifiable,1,16,1992
No Worlds/No Thoughts,Swans,My Father Will Guide Me Up a Rope to the Sky,Alternative,1,1,2010
Jim,Swans,My Father Will Guide Me Up a Rope to the Sky,Alternative,1,3,2010
You Fucking People Make Me Sick,Swans,My Father Will Guide Me Up a Rope to the Sky,Alternative,1,5,2010
Eden Prison,Swans,My Father Will Guide Me Up a Rope to the Sky,Alternative,1,7,2010
Miracle Of Love,Swans,Various Failures,Unclassifiable,1,1,1999
The Golden Boy That Was Swallowed By The Sea,Swans,Various Failures,Unclassifiable,1,3,1999
I Remember Who You Are,Swans,Various Failures,Unclassifiable,1,5,1999
No Cruel Angel,Swans,Various Failures,Unclassifiable,1,7,1999
Why Are We Alive?,Swans,Various Failures,Unclassifiable,1,9,1999
--,Swans,Various Failures,Unclassifiable,1,11,1999
Song For Dead Time [Mg Version],Swans,Various Failures,Unclassifiable,1,13,1999
Blind,Swans,Various Failures,Unclassifiable,1,15,1999
Was He Ever Alive?,Swans,Various Failures,Unclassifiable,1,17,1999
Identity,Swans,Various Failures,Unclassifiable,2,2,1999
Trust Me,Swans,Various Failures,Unclassifiable,2,4,1999
Love Will Tear Us Apart [J Version],Swans,Various Failures,Unclassifiable,2,6,1999
Drink To Me Only With Thine Eyes,Swans,Various Failures,Unclassifiable,2,8,1999
Eyes Of Nature,Swans,Various Failures,Unclassifiable,2,10,1999
Song For Dead Time [J Version],Swans,Various Failures,Unclassifiable,2,12,1999
Amnesia,Swans,Various Failures,Unclassifiable,2,14,1999
Please Remember Me,Swans,Various Failures,Unclassifiable,2,16,1999
El Diablo En El Ojo,Tindersticks,Tindersticks [II],Unclassifiable,1,1,1995
My Sister,Tindersticks,Tindersticks [II],Unclassifiable,1,3,1995
Snowy In F# Minor,Tindersticks,Tindersticks [II],Unclassifiable,1,5,1995
Vertrauen II,Tindersticks,Tindersticks [II],Unclassifiable,1,7,1995
No More Affairs,Tindersticks,Tindersticks [II],Unclassifiable,1,9,1995
Travelling Light,Tindersticks,Tindersticks [II],Unclassifiable,1,11,1995
She's Gone,Tindersticks,Tindersticks [II],Unclassifiable,1,13,1995
Vertrauen III,Tindersticks,Tindersticks [II],Unclassifiable,1,15,1995
Intolerance,Tool,Undertow,Metal,1,1,1993
Sober,Tool,Undertow,Metal,1,3,1993
Crawl Away,Tool,Undertow,Metal,1,5,1993
Undertow,Tool,Undertow,Metal,1,7,1993
Flood,Tool,Undertow,Metal,1,9,1993
A Friend in Goddamn,Walter Sickert & the Army of Broken Toys,SteamShipKillers,Steampunk,1,1,2010
Planet Killer,Walter Sickert & the Army of Broken Toys,SteamShipKillers,Steampunk,1,3,2010
Sam Hall,Walter Sickert & the Army of Broken Toys,SteamShipKillers,Steampunk,1,5,2010
Sea Song (Mare Carmen),Walter Sickert & the Army of Broken Toys,SteamShipKillers,Steampunk,1,7,2010
Revenge of the Rats,Walter Sickert & the Army of Broken Toys,SteamShipKillers,Steampunk,1,9,2010
Feathers (Feat. Mali Sastri),Walter Sickert & the Army of Broken Toys,SteamShipKillers,Steampunk,1,11,2010
ViktaGraph,Walter Sickert & the Army of Broken Toys,SteamShipKillers,Steampunk,1,13,2010
Warpaint,Warpaint,The Fool,Alternative,1,2,2010
Bees,Warpaint,The Fool,Alternative,1,4,2010
Composure,Warpaint,The Fool,Alternative,1,6,2010
Majesty,Warpaint,The Fool,Alternative,1,8,2010
Seven Nation Army,The White Stripes,Elephant,Alternative,1,1,2003
There's No Home For You Here,The White Stripes,Elephant,Alternative,1,3,2003
In The Cold Cold Night,The White Stripes,Elephant,Alternative,1,5,2003
You've Got Her In Your Pocket,The White Stripes,Elephant,Alternative,1,7,2003
The Hardest Button To Button,The White Stripes,Elephant,Alternative,1,9,2003
Hypnotize,The White Stripes,Elephant,Alternative,1,11,2003
Girl You Have No Faith In Medicine,The White Stripes,Elephant,Alternative,1,13,2003
Blue Orchid,The White Stripes,Get Behind Me Satan,Alternative,1,1,2005
My Doorbell,The White Stripes,Get Behind Me Satan,Alternative,1,3,2005
Little Ghost,The White Stripes,Get Behind Me Satan,Alternative,1,5,2005
White Moon,The White Stripes,Get Behind Me Satan,Alternative,1,7,2005
Passive Manipulation,The White Stripes,Get Behind Me Satan,Alternative,1,9,2005
As Ugly As I Seem,The White Stripes,Get Behind Me Satan,Alternative,1,11,2005
I'm Lonely [But I Ain't That Lonely Yet],The White Stripes,Get Behind Me Satan,Alternative,1,13,2005
You Don't Know What Love Is [You Just Do As You're Told] (Album Version),The White Stripes,Icky Thump (Standard Version),Alternative Rock,1,2,2007
Conquest (Album Version),The White Stripes,Icky Thump (Standard Version),Alternative Rock,1,4,2007
Prickly Thorn But Sweetly Worn (Album Version),The White Stripes,Icky Thump (Standard Version),Alternative Rock,1,6,2007
Little Cream Soda (Album Version),The White Stripes,Icky Thump (Standard Version),Alternative Rock,1,8,2007
I'm Slowly Turning Into You (Album Version),The White Stripes,Icky Thump (Standard Version),Alternative Rock,1,10,2007
Catch Hell Blues (Album Version),The White Stripes,Icky Thump (Standard Version),Alternative Rock,1,12,2007
Dead Leaves And The Dirty Ground (Album Version),The White Stripes,White Blood Cells,Alternative,1,1,2008
I'm Finding It Harder To Be A Gentleman (Album Version),The White Stripes,White Blood Cells,Alternative,1,3,2008
Expecting (Album Version),The White Stripes,White Blood Cells,Alternative,1,5,2008
The Union Forever (Album Version),The White Stripes,White Blood Cells,Alternative,1,7,2008
We're Going To Be Friends (Album Version),The White Stripes,White Blood Cells,Alternative,1,9,2008
I Think I Smell A Rat (Album Version),The White Stripes,White Blood Cells,Alternative,1,11,2008
I Can't Wait (Album Version),The White Stripes,White Blood Cells,Alternative,1,13,2008
I Can Learn (Album Version),The White Stripes,White Blood Cells,Alternative,1,15,2008
It's Hurting For The First Time,Wolfsheim,Spectators,Darkwave,1,1,1999
Touch,Wolfsheim,Spectators,Darkwave,1,3,1999
Once In A Lifetime,Wolfsheim,Spectators,Darkwave,1,5,1999
For You,Wolfsheim,Spectators,Darkwave,1,7,1999
I Don't Love You Anymore,Wolfsheim,Spectators,Darkwave,1,9,1999
E (Instrumental),Wolfsheim,Spectators,Darkwave,1,11,1999
Bleary Eyed Duty,Woven Hand,Consider the Birds,Alternative,1,2,2004
Off The Cuff,Woven Hand,Consider the Birds,Alternative,1,4,2004
Oil On Panel,Woven Hand,Consider the Birds,Alternative,1,6,2004
Down In Yon Forest,Woven Hand,Consider the Birds,Alternative,1,8,2004
Into The Piano,Woven Hand,Consider the Birds,Alternative,1,10,2004
The Threshingfloor,Woven Hand,The Threshingfloor,Alternative,1,2,2004
Raise Her Hands,Woven Hand,The Threshingfloor,Alternative,1,4,2004
Singing Grass,Woven Hand,The Threshingfloor,Alternative,1,6,2004
Truth,Woven Hand,The Threshingfloor,Alternative,1,8,2004
Orchard Gate,Woven Hand,The Threshingfloor,Alternative,1,10,2004
Denver City,Woven Hand,The Threshingfloor,Alternative,1,12,2004
My Russia,Woven Hand,Woven Hand,Alternative,1,2,2003
Glass Eye,Woven Hand,Woven Hand,Alternative,1,4,2003
Ain't No Sunshine,Woven Hand,Woven Hand,Alternative,1,6,2003
Arrow Head,Woven Hand,Woven Hand,Alternative,1,8,2003
Last First,Woven Hand,Woven Hand,Alternative,1,10,2003
Ambling Alp,Yeasayer,ODD BLOOD,Alternative,1,2,2010
I Remember,Yeasayer,ODD BLOOD,Alternative,1,4,2010
Love Me Girl,Yeasayer,ODD BLOOD,Alternative,1,6,2010
Strange Reunions,Yeasayer,ODD BLOOD,Alternative,1,8,2010
Grizelda,Yeasayer,ODD BLOOD,Alternative,1,10,2010
No Land's Man,The Young Gods,Everybody Knows,Alternative,1,3,2010
Miles Away,The Young Gods,Everybody Knows,Alternative,1,5,2010
Introducing,The Young Gods,Everybody Knows,Alternative,1,7,2010
Aux Anges,The Young Gods,Everybody Knows,Alternative,1,9,2010
Outside,The Young Gods,Only Heaven,Industrial,1,1,1995
Speed Of Night,The Young Gods,Only Heaven,Industrial,1,3,1995
Moon Revolutions,The Young Gods,Only Heaven,Industrial,1,5,1995
The Dreamhouse,The Young Gods,Only Heaven,Industrial,1,7,1995
Gardez Les Esprits,The Young Gods,Only Heaven,Industrial,1,9,1995
Prologue,The Young Gods,Play Kurt Weill,Alternative,1,1,1991
Mackie Messer,The Young Gods,Play Kurt Weill,Alternative,1,3,1991
Alabama Song,The Young Gods,Play Kurt Weill,Alternative,1,5,1991
Ouverture,The Young Gods,Play Kurt Weill,Alternative,1,7,1991
Lucidogen,The Young Gods,Second Nature,Industrial,1,1,1999
Laisse Couler (Le Son),The Young Gods,Second Nature,Industrial,1,3,1999
Attends,The Young Gods,Second Nature,Industrial,1,5,1999
Stick Around,The Young Gods,Second Nature,Industrial,1,7,1999
Toi Du Monde,The Young Gods,Second Nature,Industrial,1,9,1999
Our House,The Young Gods,T.V. Sky,Alternative,1,1,1991
T.V. Sky,The Young Gods,T.V. Sky,Alternative,1,3,1991
Dame Chance,The Young Gods,T.V. Sky,Alternative,1,5,1991
She Rains,The Young Gods,T.V. Sky,Alternative,1,7,1991
American Wheeze,16 Horsepower,Hoarse,Gothic Americana,1,1,2001
Bad Moon Risin',16 Horsepower,Hoarse,Gothic Americana,1,3,2001
For Heaven's Sake,16 Horsepower,Hoarse,Gothic Americana,1,5,2001
Horse Head,16 Horsepower,Hoarse,Gothic Americana,1,7,2001
Brimstone Rock,16 Horsepower,Hoarse,Gothic Americana,1,9,2001
Day Of The Lords,16 Horsepower,Hoarse,Gothic Americana,1,11,2001
I Seen What I Saw,16 Horsepower,Live March 2001,Gothic Americana,1,2,2001
Straw Foot,16 Horsepower,Live March 2001,Gothic Americana,1,5,2001
Harm's Way,16 Horsepower,Live March 2001,Gothic Americana,1,7,2001
Poor Mouth,16 Horsepower,Live March 2001,Gothic Americana,1,9,2001
Burning Bush,16 Horsepower,Live March 2001,Gothic Americana,2,1,2001
Silver Saddle,16 Horsepower,Live March 2001,Gothic Americana,2,3,2001
24 Hours,16 Horsepower,Live March 2001,Gothic Americana,2,5,2001
Coal Black Horse,16 Horsepower,Live March 2001,Gothic Americana,2,7,2001
Clogger,16 Horsepower,Secret South,Gothic Americana,1,1,2000
Cinder Alley,16 Horsepower,Secret South,Gothic Americana,1,3,2000
Poor Mouth,16 Horsepower,Secret South,Gothic Americana,1,5,2000
Praying Arm Lane,16 Horsepower,Secret South,Gothic Americana,1,7,2000
Just Like Birds,16 Horsepower,Secret South,Gothic Americana,1,9,2000
Straw Foot,16 Horsepower,Secret South,Gothic Americana,1,11,2000

